"ConstituencyCode","Constituency","CandidateCode","Candidate","Votes","Uncontested","elected","VotesN","Year"
"A01","CHUNG WAN","1","HUI CHI FUNG","1,090*",FALSE,TRUE,1090,2015
"A01","CHUNG WAN","2","LAU WAI YAN VIENNA","940",FALSE,FALSE,940,2015
"A02","MID LEVELS EAST","1","NG SIU HONG","1,521*",FALSE,TRUE,1521,2015
"A02","MID LEVELS EAST","2","CHEUNG YICK HUNG JACKIE","1,466",FALSE,FALSE,1466,2015
"A03","CASTLE ROAD","1","CHENG LAI KING","1,457*",FALSE,TRUE,1457,2015
"A03","CASTLE ROAD","2","NG LUNG FEI","1,311",FALSE,FALSE,1311,2015
"A04","PEAK","1","CHAN SHU MOON","317",FALSE,FALSE,317,2015
"A04","PEAK","2","CHAN HO LIM JOSEPH","1,837*",FALSE,TRUE,1837,2015
"A05","UNIVERSITY","1","LAU EDWARD WAI TAK","1,455",FALSE,FALSE,1455,2015
"A05","UNIVERSITY","2","CHAN CHIT KWAI(STEPHEN)","1,844*",FALSE,TRUE,1844,2015
"A06","KENNEDY TOWN & MOUNT DAVIS","1","SIN CHEUK NAM","1,072",FALSE,FALSE,1072,2015
"A06","KENNEDY TOWN & MOUNT DAVIS","2","CHOW SAI KIT","838",FALSE,FALSE,838,2015
"A06","KENNEDY TOWN & MOUNT DAVIS","3","CHAN HOK FUNG","1,859*",FALSE,TRUE,1859,2015
"A07","KWUN LUNG","1","LEUNG CHUNG HANG SIXTUS","1,569",FALSE,FALSE,1569,2015
"A07","KWUN LUNG","2","YEUNG HOI WING","2,491*",FALSE,TRUE,2491,2015
"A08","SAI WAN","1","CHONG WING FAI WINFIELD","1,898",FALSE,FALSE,1898,2015
"A08","SAI WAN","2","CHEUNG KWOK KWAN","2,011*",FALSE,TRUE,2011,2015
"A09","BELCHER","1","YIP WING SHING","2,397*",FALSE,TRUE,2397,2015
"A09","BELCHER","2","YEUNG SUI YIN(VICTOR)","2,328",FALSE,FALSE,2328,2015
"A10","SHEK TONG TSUI","1","YIP KAM LUNG SAM","1,336",FALSE,FALSE,1336,2015
"A10","SHEK TONG TSUI","2","CHAN CHOI HI","1,898*",FALSE,TRUE,1898,2015
"A11","SAI YING PUN","1","LO YEE HANG","1,790*",FALSE,TRUE,1790,2015
"A11","SAI YING PUN","2","NG WING TAK","1,204",FALSE,FALSE,1204,2015
"A12","SHEUNG WAN","1","LUI HUNG PAN(BEN LUI)","1,344",FALSE,FALSE,1344,2015
"A12","SHEUNG WAN","2","KAM NAI WAI","1,436*",FALSE,TRUE,1436,2015
"A13","TUNG WAH","1","SIU KA YI","1,352*",FALSE,TRUE,1352,2015
"A13","TUNG WAH","2","HO CHUN KI FREDERICK","980",FALSE,FALSE,980,2015
"A14","CENTRE STREET","1","CHEUNG KAI YIN","1,621",FALSE,FALSE,1621,2015
"A14","CENTRE STREET","2","LEE CHI HANG SIDNEY","1,654*",FALSE,TRUE,1654,2015
"A15","WATER STREET","1","YEUNG HOK MING","1,878*",FALSE,TRUE,1878,2015
"A15","WATER STREET","2","NG HOI YAN BONNIE","1,619",FALSE,FALSE,1619,2015
"B01","HENNESSY","1","CHENG KI KIN","1,590*",FALSE,TRUE,1590,2015
"B01","HENNESSY","2","CHEONG MAN LEI","760",FALSE,FALSE,760,2015
"B02","OI KWAN","1","WONG SUI LUNG","915",FALSE,FALSE,915,2015
"B02","OI KWAN","2","TANG KING YUNG ANNA","1,367*",FALSE,TRUE,1367,2015
"B03","CANAL ROAD","1","HO GLORIA WING KA","723",FALSE,FALSE,723,2015
"B03","CANAL ROAD","2","CHUNG KA MAN JACQUELINE","1,018*",FALSE,TRUE,1018,2015
"B04","VICTORIA PARK","*","CHOW KIT BING JENNIFER","Uncontested",TRUE,TRUE,0,2015
"B05","TIN HAU","1","LEE MAN LUNG JOEY","2,236*",FALSE,TRUE,2236,2015
"B05","TIN HAU","2","CHAN KIN KWOK","1,021",FALSE,FALSE,1021,2015
"B06","CAUSEWAY BAY","*","NG YUEN TING YOLANDA","Uncontested",TRUE,TRUE,0,2015
"B07","TAI HANG","1","WONG CHING CHI GIGI","1,148",FALSE,FALSE,1148,2015
"B07","TAI HANG","2","YEUNG SUET YING CLARISSE","1,398*",FALSE,TRUE,1398,2015
"B08","JARDINE'S LOOKOUT","1","LAM WAI MAN WIND(ANSON)","1,479*",FALSE,TRUE,1479,2015
"B08","JARDINE'S LOOKOUT","2","LAI DAVID","1,098",FALSE,FALSE,1098,2015
"B09","BROADWOOD","1","MAK KWOK FUNG MICHAEL","939",FALSE,FALSE,939,2015
"B09","BROADWOOD","2","SIU SEE KONG","141",FALSE,FALSE,141,2015
"B09","BROADWOOD","3","TSE WAI CHUN PAUL","1,350*",FALSE,TRUE,1350,2015
"B10","HAPPY VALLEY","1","NG KAM CHUN(STEPHEN)","1,377*",FALSE,TRUE,1377,2015
"B10","HAPPY VALLEY","2","CHIEN KA WO KELVIN","900",FALSE,FALSE,900,2015
"B11","STUBBS ROAD","1","WONG WANG TAI(IVAN)","1,150*",FALSE,TRUE,1150,2015
"B11","STUBBS ROAD","2","AU LAI CHONG","642",FALSE,FALSE,642,2015
"B12","SOUTHORN","1","YEUNG YAU FUNG","437",FALSE,FALSE,437,2015
"B12","SOUTHORN","2","LEE PIK YEE","1,463*",FALSE,TRUE,1463,2015
"B13","TAI FAT HAU","1","LEE KWUN YEE KENNY","1,505*",FALSE,TRUE,1505,2015
"B13","TAI FAT HAU","2","LEUNG PAK KIN","793",FALSE,FALSE,793,2015
"C01","TAI KOO SHING WEST","1","CHIU KA YIN ANDREW(ANDREW CHIU)","3,362*",FALSE,TRUE,3362,2015
"C01","TAI KOO SHING WEST","2","NG CHI LUNG(TONY)","1,268",FALSE,FALSE,1268,2015
"C02","TAI KOO SHING EAST","1","TSE TSZ KEI(MARCUS)","2,587",FALSE,FALSE,2587,2015
"C02","TAI KOO SHING EAST","2","WONG CHUN SING PATRICK","2,674*",FALSE,TRUE,2674,2015
"C03","LEI KING WAN","1","WONG HUK KAM","1,612",FALSE,FALSE,1612,2015
"C03","LEI KING WAN","2","YEUNG SZE CHUN","2,008*",FALSE,TRUE,2008,2015
"C03","LEI KING WAN","3","FU YUEN CHEUNG ALEXANDER(ALEX FU)","955",FALSE,FALSE,955,2015
"C03","LEI KING WAN","4","HO CHIU KWONG PAUL","211",FALSE,FALSE,211,2015
"C04","ALDRICH BAY","1","NGAN CHUN LIM","2,720*",FALSE,TRUE,2720,2015
"C04","ALDRICH BAY","2","CHAN KAR PAK","2,401",FALSE,FALSE,2401,2015
"C05","SHAUKEIWAN","1","LEUNG WING SZE","1,429",FALSE,FALSE,1429,2015
"C05","SHAUKEIWAN","2","LAM SUM LIM","1,444*",FALSE,TRUE,1444,2015
"C05","SHAUKEIWAN","3","POON WING YIN","107",FALSE,FALSE,107,2015
"C06","A KUNG NGAM","1","TO BOON MAN DANIEL","1,696",FALSE,FALSE,1696,2015
"C06","A KUNG NGAM","2","LAM KEI TUNG GEORGE","1,810*",FALSE,TRUE,1810,2015
"C06","A KUNG NGAM","3","HUNG CHI KIT","1,112",FALSE,FALSE,1112,2015
"C07","HENG FA CHUEN","1","YEUNG WAI HONG(DR. MARTIN)","610",FALSE,FALSE,610,2015
"C07","HENG FA CHUEN","2","CHOW WING YEE","2,025",FALSE,FALSE,2025,2015
"C07","HENG FA CHUEN","3","HO NGAI KAM STANLEY(STANLEY)","3,642*",FALSE,TRUE,3642,2015
"C08","TSUI WAN","1","KU KWAI YIU","1,629*",FALSE,TRUE,1629,2015
"C08","TSUI WAN","2","WAN TSZ FUNG JEFF","69",FALSE,FALSE,69,2015
"C08","TSUI WAN","3","KWAN SHUI LUNG","1,572",FALSE,FALSE,1572,2015
"C08","TSUI WAN","4","LAI LEUNG SIU KWAN","1,181",FALSE,FALSE,1181,2015
"C09","YAN LAM","*","WONG KIN HING","Uncontested",TRUE,TRUE,0,2015
"C10","SIU SAI WAN","1","WONG KWOK HING","1,981*",FALSE,TRUE,1981,2015
"C10","SIU SAI WAN","2","CHU YAT ON","783",FALSE,FALSE,783,2015
"C10","SIU SAI WAN","3","TAM TAK CHI","1,229",FALSE,FALSE,1229,2015
"C11","KING YEE","1","WONG KWAN FUNG","195",FALSE,FALSE,195,2015
"C11","KING YEE","2","YEUNG HON SING","1,950",FALSE,FALSE,1950,2015
"C11","KING YEE","3","CHAN YIU TAK","930",FALSE,FALSE,930,2015
"C11","KING YEE","4","LEUNG KWOK HUNG DAVID","2,257*",FALSE,TRUE,2257,2015
"C12","WAN TSUI","1","NG YIN KEUNG","1,436",FALSE,FALSE,1436,2015
"C12","WAN TSUI","2","KUNG PAK CHEUNG","2,227*",FALSE,TRUE,2227,2015
"C13","FEI TSUI","1","LI LEE(LILY LEE)","1,797",FALSE,FALSE,1797,2015
"C13","FEI TSUI","2","LAI CHI KEONG JOSEPH","2,314*",FALSE,TRUE,2314,2015
"C13","FEI TSUI","3","LUI CHI MAN","114",FALSE,FALSE,114,2015
"C14","MOUNT PARKER","*","WONG KIN PAN","Uncontested",TRUE,TRUE,0,2015
"C15","BRAEMAR HILL","*","SHIU KA FAI","Uncontested",TRUE,TRUE,0,2015
"C16","FORTRESS HILL","*","LO WING KWAN FRANKIE(LO SHAN)","Uncontested",TRUE,TRUE,0,2015
"C17","CITY GARDEN","*","HUI CHING ON","Uncontested",TRUE,TRUE,0,2015
"C18","PROVIDENT","*","KWOK WAI KEUNG","Uncontested",TRUE,TRUE,0,2015
"C19","FORT STREET","*","HUNG LIN CHAM","Uncontested",TRUE,TRUE,0,2015
"C20","KAM PING","*","CHOY SO YUK","Uncontested",TRUE,TRUE,0,2015
"C21","TANNER","1","CHENG TAT HUNG","2,338*",FALSE,TRUE,2338,2015
"C21","TANNER","2","TSANG CHEUK YI","2,039",FALSE,FALSE,2039,2015
"C22","HEALTHY VILLAGE","*","CHENG CHI SING","Uncontested",TRUE,TRUE,0,2015
"C23","QUARRY BAY","1","IP CHEE TAK","1,010",FALSE,FALSE,1010,2015
"C23","QUARRY BAY","2","TING KONG HO EDDIE","1,656*",FALSE,TRUE,1656,2015
"C24","NAM FUNG","1","YANG MO","1,182",FALSE,FALSE,1182,2015
"C24","NAM FUNG","2","LI CHAK SUM","42",FALSE,FALSE,42,2015
"C24","NAM FUNG","3","CHEUNG KWOK CHEONG","3,343*",FALSE,TRUE,3343,2015
"C25","KORNHILL","1","WONG PO YI","29",FALSE,FALSE,29,2015
"C25","KORNHILL","2","LEUNG WING MAN(BONNIE)","2,535*",FALSE,TRUE,2535,2015
"C25","KORNHILL","3","HUNG LUNG CHUEN","2,443",FALSE,FALSE,2443,2015
"C26","KORNHILL GARDEN","1","KONG YUK FOON DOREEN","1,814",FALSE,FALSE,1814,2015
"C26","KORNHILL GARDEN","2","LEUNG SIU SUN","2,384*",FALSE,TRUE,2384,2015
"C27","HING TUNG","1","TSANG KWOK FAI","2,808",FALSE,FALSE,2808,2015
"C27","HING TUNG","2","HUI LAM HING","3,310*",FALSE,TRUE,3310,2015
"C28","SAI WAN HO","1","KONG CHACK HO","1,956",FALSE,FALSE,1956,2015
"C28","SAI WAN HO","2","MAK TAK CHING","2,222*",FALSE,TRUE,2222,2015
"C29","LOWER YIU TUNG","1","WONG CHI CHUNG(DOMINIC)","1,658*",FALSE,TRUE,1658,2015
"C29","LOWER YIU TUNG","2","NG KAM WAI","977",FALSE,FALSE,977,2015
"C29","LOWER YIU TUNG","3","WONG SZE CHIN RICKY(RICKY)","992",FALSE,FALSE,992,2015
"C30","UPPER YIU TUNG","*","CHIU CHI KEUNG","Uncontested",TRUE,TRUE,0,2015
"C31","HING MAN","1","CHEUNG CHUN PONG","1,391",FALSE,FALSE,1391,2015
"C31","HING MAN","2","LAU HING YEUNG","2,470*",FALSE,TRUE,2470,2015
"C32","LOK HONG","1","TSANG KIN SHING(THE BULL)","1,969",FALSE,FALSE,1969,2015
"C32","LOK HONG","2","LUN MAN KIT","48",FALSE,FALSE,48,2015
"C32","LOK HONG","3","LI CHUN CHAU","2,396*",FALSE,TRUE,2396,2015
"C33","TSUI TAK","1","LEE CHUN KEUNG","2,351*",FALSE,TRUE,2351,2015
"C33","TSUI TAK","2","LI KIN HANG","979",FALSE,FALSE,979,2015
"C34","YUE WAN","1","CHUNG SHU KUN CHRISTOPHER(CHRIS CHUNG)","1,863",FALSE,FALSE,1863,2015
"C34","YUE WAN","2","CHUI CHI KIN","2,026*",FALSE,TRUE,2026,2015
"C35","KAI HIU","1","CHIK KIT LING ELAINE","1,514",FALSE,FALSE,1514,2015
"C35","KAI HIU","2","LAM CHUI LIN(ALICE)","2,241*",FALSE,TRUE,2241,2015
"D01","ABERDEEN","1","MAN HO KEUNG ZICO","1,598",FALSE,FALSE,1598,2015
"D01","ABERDEEN","2","LEE KIT HING","621",FALSE,FALSE,621,2015
"D01","ABERDEEN","3","YAM PAULINE","1,936*",FALSE,TRUE,1936,2015
"D01","ABERDEEN","4","HO WAI CHUN","226",FALSE,FALSE,226,2015
"D02","AP LEI CHAU ESTATE","*","LAM YUK CHUN","Uncontested",TRUE,TRUE,0,2015
"D03","AP LEI CHAU NORTH","1","LEUNG KWOK KEUNG","755",FALSE,FALSE,755,2015
"D03","AP LEI CHAU NORTH","2","CHEUNG SIK YUNG","1,556*",FALSE,TRUE,1556,2015
"D04","LEI TUNG I","1","WONG YUN KEI","177",FALSE,FALSE,177,2015
"D04","LEI TUNG I","2","LI KA YING","1,810",FALSE,FALSE,1810,2015
"D04","LEI TUNG I","3","AU NOK HIN","3,068*",FALSE,TRUE,3068,2015
"D05","LEI TUNG II","1","LO KIN HEI","2,564*",FALSE,TRUE,2564,2015
"D05","LEI TUNG II","2","TSOI MAN LUNG TIMOTHY","119",FALSE,FALSE,119,2015
"D05","LEI TUNG II","3","PANG SIU KEI","1,854",FALSE,FALSE,1854,2015
"D05","LEI TUNG II","4","TANG KA LOK","21",FALSE,FALSE,21,2015
"D06","SOUTH HORIZONS EAST","1","CHAN KA LOK(DR. KENNETH CHAN)","1,845",FALSE,FALSE,1845,2015
"D06","SOUTH HORIZONS EAST","2","LAM KAI FAI","2,180*",FALSE,TRUE,2180,2015
"D06","SOUTH HORIZONS EAST","3","AU YUEN FAT JOSEPH","643",FALSE,FALSE,643,2015
"D07","SOUTH HORIZONS WEST","1","YUEN MI MING ERICA","2,245",FALSE,FALSE,2245,2015
"D07","SOUTH HORIZONS WEST","2","CHAN JUDY KAPUI","2,945*",FALSE,TRUE,2945,2015
"D08","WAH KWAI","1","LAU PAK TUNG(DANIEL LAU)","94",FALSE,FALSE,94,2015
"D08","WAH KWAI","2","YEUNG SIU PIK","2,652",FALSE,FALSE,2652,2015
"D08","WAH KWAI","3","MAK TSE HOW LING ADA","2,699*",FALSE,TRUE,2699,2015
"D09","WAH FU SOUTH","1","AU LAP SING","1,632*",FALSE,TRUE,1632,2015
"D09","WAH FU SOUTH","2","LI SHEE LIN","1,629",FALSE,FALSE,1629,2015
"D10","WAH FU NORTH","1","WONG CHOI LAP","2,089",FALSE,FALSE,2089,2015
"D10","WAH FU NORTH","2","LAW YUET WAH","21",FALSE,FALSE,21,2015
"D10","WAH FU NORTH","3","CHAI MAN HON","2,408*",FALSE,TRUE,2408,2015
"D10","WAH FU NORTH","4","WUN KEI YAN","29",FALSE,FALSE,29,2015
"D11","POKFULAM","1","YOUNG CHIT ON JEREMY","1,144",FALSE,FALSE,1144,2015
"D11","POKFULAM","2","ZIMMERMAN PAULUS JOHANNES(PAUL ZIMMERMAN)","1,952*",FALSE,TRUE,1952,2015
"D12","CHI FU","1","CHU CHING HONG","2,762*",FALSE,TRUE,2762,2015
"D12","CHI FU","2","YIU CHUNG YIM","2,223",FALSE,FALSE,2223,2015
"D13","TIN WAN","*","CHAN FU MING","Uncontested",TRUE,TRUE,0,2015
"D14","SHEK YUE","*","CHU LAP WAI","Uncontested",TRUE,TRUE,0,2015
"D15","WONG CHUK HANG","1","CHAN WING YAN","2,190",FALSE,FALSE,2190,2015
"D15","WONG CHUK HANG","2","TSUI YUEN WA","2,645*",FALSE,TRUE,2645,2015
"D16","BAYS AREA","1","SCHAUS DAVID JOHN(DAVID SCHAUS)","474",FALSE,FALSE,474,2015
"D16","BAYS AREA","2","FUNG SE GOUN FERGUS","957*",FALSE,TRUE,957,2015
"D17","STANLEY & SHEK O","1","TSANG TSZ HO","408",FALSE,FALSE,408,2015
"D17","STANLEY & SHEK O","2","YAO JIE NING MAXINE","752",FALSE,FALSE,752,2015
"D17","STANLEY & SHEK O","3","LEE PUI YING(CHAN LEE PUI YING)","1,832*",FALSE,TRUE,1832,2015
"E01","TSIM SHA TSUI WEST","1","LAU CHI HUNG","828",FALSE,FALSE,828,2015
"E01","TSIM SHA TSUI WEST","2","HUNG CHIU WAH(DEREK)","1,213*",FALSE,TRUE,1213,2015
"E02","JORDAN SOUTH","1","IP NGO TUNG CHRIS","1,531*",FALSE,TRUE,1531,2015
"E02","JORDAN SOUTH","2","LUI NGAR YEE JOEY","524",FALSE,FALSE,524,2015
"E03","JORDAN WEST","*","CHAN SIU TONG","Uncontested",TRUE,TRUE,0,2015
"E04","YAU MA TEI SOUTH","1","AU YEUNG TUNG","1,298",FALSE,FALSE,1298,2015
"E04","YAU MA TEI SOUTH","2","YEUNG TSZ HEI(BENNY)","2,124*",FALSE,TRUE,2124,2015
"E05","CHARMING","1","LEE WAI FUNG","2,053",FALSE,FALSE,2053,2015
"E05","CHARMING","2","CHUNG KONG MO","2,473*",FALSE,TRUE,2473,2015
"E06","MONG KOK WEST","*","HUI TAK LEUNG","Uncontested",TRUE,TRUE,0,2015
"E07","FU PAK","1","YU TAK PO","2,859*",FALSE,TRUE,2859,2015
"E07","FU PAK","2","LAW SIU HUNG PAUL","1,924",FALSE,FALSE,1924,2015
"E08","OLYMPIC","1","KO HIU WING(PATRICK)","1,414",FALSE,FALSE,1414,2015
"E08","OLYMPIC","2","TO KUN SUN JAMES","1,531*",FALSE,TRUE,1531,2015
"E09","CHERRY","1","LAM HO YEUNG","858",FALSE,FALSE,858,2015
"E09","CHERRY","2","CHUNG CHAK FAI","1,611*",FALSE,TRUE,1611,2015
"E09","CHERRY","3","NAKADE HITSUJIKO","172",FALSE,FALSE,172,2015
"E10","TAI KOK TSUI SOUTH","1","LAI YIU CHUN","1,362",FALSE,FALSE,1362,2015
"E10","TAI KOK TSUI SOUTH","2","CHOI SIU FUNG BENJAMIN","1,608*",FALSE,TRUE,1608,2015
"E11","TAI KOK TSUI NORTH","1","WONG KA YING","1,363",FALSE,FALSE,1363,2015
"E11","TAI KOK TSUI NORTH","2","LAU PAK KEI","2,633*",FALSE,TRUE,2633,2015
"E12","TAI NAN","1","CHIU YUK KWONG","606",FALSE,FALSE,606,2015
"E12","TAI NAN","2","FUNG JOSHUA MAN TAO","962",FALSE,FALSE,962,2015
"E12","TAI NAN","3","CHONG WING CHARN FRANCIS","1,424*",FALSE,TRUE,1424,2015
"E13","MONG KOK NORTH","1","WONG SHU MING","1,712*",FALSE,TRUE,1712,2015
"E13","MONG KOK NORTH","2","WONG KA CHUN","869",FALSE,FALSE,869,2015
"E14","MONG KOK EAST","1","TSE JEFFERSON KELLER","112",FALSE,FALSE,112,2015
"E14","MONG KOK EAST","2","WONG KIN SAN","1,442*",FALSE,TRUE,1442,2015
"E14","MONG KOK EAST","3","LAU CHUN YIP","1,172",FALSE,FALSE,1172,2015
"E15","MONG KOK SOUTH","*","CHOW CHUN FAI","Uncontested",TRUE,TRUE,0,2015
"E16","YAU MA TEI NORTH","1","MAN YUN WA","689",FALSE,FALSE,689,2015
"E16","YAU MA TEI NORTH","2","LAM KIN MAN","1,682*",FALSE,TRUE,1682,2015
"E17","EAST TSIM SHA TSUI & KING'S PARK","1","CHAN MAN YU HENRY","681",FALSE,FALSE,681,2015
"E17","EAST TSIM SHA TSUI & KING'S PARK","2","TANG MING SUM MICHELLE","852*",FALSE,TRUE,852,2015
"E18","TSIM SHA TSUI CENTRAL","1","LIU SIU FAI","486",FALSE,FALSE,486,2015
"E18","TSIM SHA TSUI CENTRAL","2","KWAN SAU LING","1,099*",FALSE,TRUE,1099,2015
"E19","JORDAN NORTH","1","JO CHUN WAH(CRAIG)","941*",FALSE,TRUE,941,2015
"E19","JORDAN NORTH","2","CHICK CHI LEUNG","386",FALSE,FALSE,386,2015
"F01","PO LAI","1","TSE HIU HUNG","1,664",FALSE,FALSE,1664,2015
"F01","PO LAI","2","LEUNG YAU FONG","1,929*",FALSE,TRUE,1929,2015
"F02","CHEUNG SHA WAN","1","LAM KA FAI AARON","1,491*",FALSE,TRUE,1491,2015
"F02","CHEUNG SHA WAN","2","LAM SHUI HUM","246",FALSE,FALSE,246,2015
"F02","CHEUNG SHA WAN","3","LEE MAN HO LEOS","1,307",FALSE,FALSE,1307,2015
"F03","NAM CHEONG NORTH","1","CHENG WING SHUN VINCENT","1,461*",FALSE,TRUE,1461,2015
"F03","NAM CHEONG NORTH","2","CHAN WING FAI JORDAN","796",FALSE,FALSE,796,2015
"F04","SHEK KIP MEI","1","CHAN KWOK WAI","2,847*",FALSE,TRUE,2847,2015
"F04","SHEK KIP MEI","2","TSUNG PO SHAN","2,088",FALSE,FALSE,2088,2015
"F05","NAM CHEONG EAST","1","HO KAI MING KALVIN","1,727*",FALSE,TRUE,1727,2015
"F05","NAM CHEONG EAST","2","MIU HOI MING","1,287",FALSE,FALSE,1287,2015
"F06","NAM CHEONG SOUTH","1","LAM WAI TONG","786",FALSE,FALSE,786,2015
"F06","NAM CHEONG SOUTH","2","LEE WING MAN","1,544*",FALSE,TRUE,1544,2015
"F07","NAM CHEONG CENTRAL","1","LAU PUI YUK","1,284*",FALSE,TRUE,1284,2015
"F07","NAM CHEONG CENTRAL","2","MAK WAI MING","538",FALSE,FALSE,538,2015
"F08","NAM CHEONG WEST","1","HEUNG MING HAU","1,217",FALSE,FALSE,1217,2015
"F08","NAM CHEONG WEST","2","WAI WOON NAM","1,873*",FALSE,TRUE,1873,2015
"F09","FU CHEONG","1","LI KWING","2,130",FALSE,FALSE,2130,2015
"F09","FU CHEONG","2","LEUNG MAN KWONG","2,973*",FALSE,TRUE,2973,2015
"F10","LAI KOK","1","CHAN WING YAN","2,531*",FALSE,TRUE,2531,2015
"F10","LAI KOK","2","WONG CHUNG KI ERIC","215",FALSE,FALSE,215,2015
"F10","LAI KOK","3","FUNG KIN KEE FREDERICK","2,432",FALSE,FALSE,2432,2015
"F11","FORTUNE","1","CHEUNG TAK WAI","1,898",FALSE,FALSE,1898,2015
"F11","FORTUNE","2","CHOW WING HENG(ZOE)","2,137*",FALSE,TRUE,2137,2015
"F12","LAI CHI KOK SOUTH","1","YEUNG YUK","3,477*",FALSE,TRUE,3477,2015
"F12","LAI CHI KOK SOUTH","2","TAN WIE HON DERRICK","1,191",FALSE,FALSE,1191,2015
"F12","LAI CHI KOK SOUTH","3","MUI YU","94",FALSE,FALSE,94,2015
"F13","MEI FOO SOUTH","1","TZENG LI WEN JUDY","179",FALSE,FALSE,179,2015
"F13","MEI FOO SOUTH","2","WONG TAK CHUEN JOE","2,193",FALSE,FALSE,2193,2015
"F13","MEI FOO SOUTH","3","WONG TAT TUNG","2,421*",FALSE,TRUE,2421,2015
"F14","MEI FOO CENTRAL","1","NG YUET LAN","1,803*",FALSE,TRUE,1803,2015
"F14","MEI FOO CENTRAL","2","SHUM SIU HUNG","1,675",FALSE,FALSE,1675,2015
"F14","MEI FOO CENTRAL","3","CHAN CHUNG KONG STEPHEN","241",FALSE,FALSE,241,2015
"F15","MEI FOO NORTH","1","CHEUNG WING SUM AMBROSE","2,636*",FALSE,TRUE,2636,2015
"F15","MEI FOO NORTH","2","LI CHUN HEI JOSHUA","1,816",FALSE,FALSE,1816,2015
"F16","LAI CHI KOK CENTRAL","1","LI KI FUNG BRUCE(BRUCE)","2,229",FALSE,FALSE,2229,2015
"F16","LAI CHI KOK CENTRAL","2","YUEN HOI MAN(RAMON)","2,353*",FALSE,TRUE,2353,2015
"F17","LAI CHI KOK NORTH","1","CHUM TAK SHING","1,173*",FALSE,TRUE,1173,2015
"F17","LAI CHI KOK NORTH","2","WU SAI CHUEN","64",FALSE,FALSE,64,2015
"F17","LAI CHI KOK NORTH","3","WONG KING(DR.KING)","877",FALSE,FALSE,877,2015
"F18","UN CHAU & SO UK","1","CHAN WAI MING","3,491*",FALSE,TRUE,3491,2015
"F18","UN CHAU & SO UK","2","FONG CHI LUNG","1,160",FALSE,FALSE,1160,2015
"F19","LEI CHENG UK","1","KONG KWAI SANG","2,335*",FALSE,TRUE,2335,2015
"F19","LEI CHENG UK","2","CHAN KENG CHAU","2,124",FALSE,FALSE,2124,2015
"F20","HA PAK TIN","1","YAN KAI WING","2,320*",FALSE,TRUE,2320,2015
"F20","HA PAK TIN","2","TANG MEI CHING(SALLY)","1,152",FALSE,FALSE,1152,2015
"F21","YAU YAT TSUEN","1","CHAU DICKSON KA FAAT","982",FALSE,FALSE,982,2015
"F21","YAU YAT TSUEN","2","LEE TSZ KING DOMINIC(DOMINIC)","2,277*",FALSE,TRUE,2277,2015
"F22","NAM SHAN, TAI HANG TUNG & TAI HANG SAI","1","WAI HOI YING","1,991",FALSE,FALSE,1991,2015
"F22","NAM SHAN, TAI HANG TUNG & TAI HANG SAI","2","TAM KWOK KIU","2,563*",FALSE,TRUE,2563,2015
"F22","NAM SHAN, TAI HANG TUNG & TAI HANG SAI","3","FOO WAI LOK","54",FALSE,FALSE,54,2015
"F23","LUNG PING & SHEUNG PAK TIN","1","CHENG CHI HONG","161",FALSE,FALSE,161,2015
"F23","LUNG PING & SHEUNG PAK TIN","2","LAM WAI MAN RAYMOND","1,678",FALSE,FALSE,1678,2015
"F23","LUNG PING & SHEUNG PAK TIN","3","NG MEI CARMAN","2,454*",FALSE,TRUE,2454,2015
"G01","MA TAU WAI","1","SIU TIN HUNG(TERENCE)","2,670*",FALSE,TRUE,2670,2015
"G01","MA TAU WAI","2","MOK KA HAN ROSANDA","2,625",FALSE,FALSE,2625,2015
"G02","MA HANG CHUNG","1","WONG YUN CHEONG","1,618",FALSE,FALSE,1618,2015
"G02","MA HANG CHUNG","2","LAU SHU YIN","148",FALSE,FALSE,148,2015
"G02","MA HANG CHUNG","3","LAI KWONG WAI","1,663*",FALSE,TRUE,1663,2015
"G03","MA TAU KOK","1","KWAN HO YEUNG","1,790*",FALSE,TRUE,1790,2015
"G03","MA TAU KOK","2","AU WING HO","768",FALSE,FALSE,768,2015
"G04","LOK MAN","1","YANG WING KIT","2,310*",FALSE,TRUE,2310,2015
"G04","LOK MAN","2","PONG YAT MING","1,561",FALSE,FALSE,1561,2015
"G05","SHEUNG LOK","1","CHAN KA LING JUDY","209",FALSE,FALSE,209,2015
"G05","SHEUNG LOK","2","LUK KING KWONG","2,776*",FALSE,TRUE,2776,2015
"G05","SHEUNG LOK","3","WONG WING KIT","2,332",FALSE,FALSE,2332,2015
"G06","HO MAN TIN","1","CHENG LEE MING","2,376*",FALSE,TRUE,2376,2015
"G06","HO MAN TIN","2","CHAN LAI KWAN","1,852",FALSE,FALSE,1852,2015
"G07","KADOORIE","1","WONG CHI","1,333",FALSE,FALSE,1333,2015
"G07","KADOORIE","2","LAU HOK WAI","92",FALSE,FALSE,92,2015
"G07","KADOORIE","3","SIU LEONG SING","2,378*",FALSE,TRUE,2378,2015
"G08","PRINCE","*","TING KIN WA","Uncontested",TRUE,TRUE,0,2015
"G09","KOWLOON TONG","*","HO HIN MING","Uncontested",TRUE,TRUE,0,2015
"G10","LUNG SHING","1","WONG MAN SING","395",FALSE,FALSE,395,2015
"G10","LUNG SHING","2","NG PO KEUNG","2,021*",FALSE,TRUE,2021,2015
"G11","SUNG WONG TOI","1","YEUNG CHUN YU","2,015*",FALSE,TRUE,2015,2015
"G11","SUNG WONG TOI","2","IP CHI WAI ALEXANDER","502",FALSE,FALSE,502,2015
"G11","SUNG WONG TOI","3","CHENG CHUN WAH GARY","694",FALSE,FALSE,694,2015
"G12","KAI TAK NORTH","1","LEUNG YUEN TING","2,610*",FALSE,TRUE,2610,2015
"G12","KAI TAK NORTH","2","LAM HEI TING MIRANDA","73",FALSE,FALSE,73,2015
"G12","KAI TAK NORTH","3","CHAN PO YUK","16",FALSE,FALSE,16,2015
"G12","KAI TAK NORTH","4","LI TING FUNG","932",FALSE,FALSE,932,2015
"G13","KAI TAK SOUTH","1","HE HUAHAN","2,199*",FALSE,TRUE,2199,2015
"G13","KAI TAK SOUTH","2","SO YEE MAN","763",FALSE,FALSE,763,2015
"G14","HOI SHAM","1","PUN KWOK WAH","2,478*",FALSE,TRUE,2478,2015
"G14","HOI SHAM","2","LEE KA WAI","654",FALSE,FALSE,654,2015
"G15","TO KWA WAN NORTH","1","SHUM TAI FUNG","204",FALSE,FALSE,204,2015
"G15","TO KWA WAN NORTH","2","LAM YI LAI","177",FALSE,FALSE,177,2015
"G15","TO KWA WAN NORTH","3","LEE WAI KING STARRY","1,544*",FALSE,TRUE,1544,2015
"G16","TO KWA WAN SOUTH","1","LAM POK","1,719*",FALSE,TRUE,1719,2015
"G16","TO KWA WAN SOUTH","2","CHONG LAI LING","1,020",FALSE,FALSE,1020,2015
"G17","HOK YUEN LAGUNA VERDE","1","YEUNG KE CHEONG","950",FALSE,FALSE,950,2015
"G17","HOK YUEN LAGUNA VERDE","2","YUE CHEE WING ADMOND","1,607*",FALSE,TRUE,1607,2015
"G17","HOK YUEN LAGUNA VERDE","3","SIU YUEN SHEUNG","1,139",FALSE,FALSE,1139,2015
"G18","WHAMPOA EAST","1","LAW SHEK MING","596",FALSE,FALSE,596,2015
"G18","WHAMPOA EAST","2","LEUNG MEI FUN","2,345*",FALSE,TRUE,2345,2015
"G18","WHAMPOA EAST","3","YAU WAI CHING","2,041",FALSE,FALSE,2041,2015
"G19","WHAMPOA WEST","1","KWONG PO YIN","2,114*",FALSE,TRUE,2114,2015
"G19","WHAMPOA WEST","2","LAU WAI WING","2,075",FALSE,FALSE,2075,2015
"G20","HUNG HOM BAY","1","LI CALVIN KAM CHEONG","47",FALSE,FALSE,47,2015
"G20","HUNG HOM BAY","2","FUNG KING MAN VIRGINIA","162",FALSE,FALSE,162,2015
"G20","HUNG HOM BAY","3","CHIU SHI SHUN","1,740",FALSE,FALSE,1740,2015
"G20","HUNG HOM BAY","4","CHEUNG YAN HONG","1,811*",FALSE,TRUE,1811,2015
"G21","HUNG HOM","1","YUM KWOK TUNG PIUS","1,173",FALSE,FALSE,1173,2015
"G21","HUNG HOM","2","LAM TAK SHING","1,544*",FALSE,TRUE,1544,2015
"G21","HUNG HOM","3","WONG CHI KEUNG","31",FALSE,FALSE,31,2015
"G22","KA WAI","*","LO CHIU KIT","Uncontested",TRUE,TRUE,0,2015
"G23","OI MAN","1","NG FAN KAM","2,806*",FALSE,TRUE,2806,2015
"G23","OI MAN","2","MA HEI PANG","1,547",FALSE,FALSE,1547,2015
"G24","OI CHUN","1","CHO WUI HUNG","2,772*",FALSE,TRUE,2772,2015
"G24","OI CHUN","2","CHAN YAU CHEONG","1,842",FALSE,FALSE,1842,2015
"H01","LUNG TSUI","1","YEUNG MAN SEK EDMOND(BONBON)","241",FALSE,FALSE,241,2015
"H01","LUNG TSUI","2","TSANG CHEUK KUEN JACKAL","715",FALSE,FALSE,715,2015
"H01","LUNG TSUI","3","LEE TUNG KONG","2,191*",FALSE,TRUE,2191,2015
"H02","LUNG HA","1","LEE YIM HUNG","1,446",FALSE,FALSE,1446,2015
"H02","LUNG HA","2","KWOK SAU YING","2,552*",FALSE,TRUE,2552,2015
"H03","LUNG SHEUNG","1","LAM MAN FAI","2,798*",FALSE,TRUE,2798,2015
"H03","LUNG SHEUNG","2","LAM WAI KEI(RICKY)","1,478",FALSE,FALSE,1478,2015
"H03","LUNG SHEUNG","3","CHOW LAI CHEONG","204",FALSE,FALSE,204,2015
"H04","FUNG WONG","1","WONG KAM CHIU","1,422",FALSE,FALSE,1422,2015
"H04","FUNG WONG","2","CHAN YIM KWONG JOE","1,675*",FALSE,TRUE,1675,2015
"H05","FUNG TAK","1","KAN CHI HO","2,766*",FALSE,TRUE,2766,2015
"H05","FUNG TAK","2","WONG KWOK KEUNG","2,168",FALSE,FALSE,2168,2015
"H06","LUNG SING","1","NGOK KING FUN","297",FALSE,FALSE,297,2015
"H06","LUNG SING","2","HO WAI KUEN","111",FALSE,FALSE,111,2015
"H06","LUNG SING","3","LAM JOSEPH CHOK","2,640",FALSE,FALSE,2640,2015
"H06","LUNG SING","4","TAM HEUNG MAN","2,974*",FALSE,TRUE,2974,2015
"H07","SAN PO KONG","1","LUI KAI LIN WENDY","3,026*",FALSE,TRUE,3026,2015
"H07","SAN PO KONG","2","WAT KI ON","1,284",FALSE,FALSE,1284,2015
"H08","TUNG TAU","1","CHEUNG PAK HANG","1,448",FALSE,FALSE,1448,2015
"H08","TUNG TAU","2","LI TAK HONG","2,710*",FALSE,TRUE,2710,2015
"H09","TUNG MEI","1","SZE TAK LOY","2,894*",FALSE,TRUE,2894,2015
"H09","TUNG MEI","2","WONG KWOK YAN","1,597",FALSE,FALSE,1597,2015
"H10","LOK FU","1","YUEN YUET HING","981",FALSE,FALSE,981,2015
"H10","LOK FU","2","CHAN WAI KWAN ANDIE","2,232*",FALSE,TRUE,2232,2015
"H11","WANG TAU HOM","*","LAI WING HO JOE","Uncontested",TRUE,TRUE,0,2015
"H12","TIN KEUNG","1","LEE HO YIN RAYMOND","2,207",FALSE,FALSE,2207,2015
"H12","TIN KEUNG","2","CHAN ON TAI","2,772*",FALSE,TRUE,2772,2015
"H13","TSUI CHUK & PANG CHING","1","SO SIK KIN","1,878",FALSE,FALSE,1878,2015
"H13","TSUI CHUK & PANG CHING","2","CHAN YING LEONARD","2,967*",FALSE,TRUE,2967,2015
"H13","TSUI CHUK & PANG CHING","3","LEE KA HING","815",FALSE,FALSE,815,2015
"H14","CHUK YUEN SOUTH","1","HUI KAM SHING","3,056*",FALSE,TRUE,3056,2015
"H14","CHUK YUEN SOUTH","2","CHAN CHAK SUM","1,107",FALSE,FALSE,1107,2015
"H15","CHUK YUEN NORTH","1","CHAN KIT BING(ICE)","1,206",FALSE,FALSE,1206,2015
"H15","CHUK YUEN NORTH","2","TING CHI WAI ROY","2,799*",FALSE,TRUE,2799,2015
"H16","TSZ WAN WEST","1","LEUNG YAU KING","362",FALSE,FALSE,362,2015
"H16","TSZ WAN WEST","2","YUNG SING KWONG","2,405",FALSE,FALSE,2405,2015
"H16","TSZ WAN WEST","3","YUEN KWOK KEUNG","3,285*",FALSE,TRUE,3285,2015
"H17","CHING OI","1","CHAN MAN KI MAGGIE","3,243*",FALSE,TRUE,3243,2015
"H17","CHING OI","2","MAK TSZ HO","2,048",FALSE,FALSE,2048,2015
"H18","CHING ON","*","WONG YAT YUK","Uncontested",TRUE,TRUE,0,2015
"H19","TSZ WAN EAST","1","HO HON MAN","3,192*",FALSE,TRUE,3192,2015
"H19","TSZ WAN EAST","2","TAM CHUN MAN","1,585",FALSE,FALSE,1585,2015
"H20","KING FU","1","WONG CHUN KIN","2,377",FALSE,FALSE,2377,2015
"H20","KING FU","2","WU CHI WAI","3,907*",FALSE,TRUE,3907,2015
"H21","CHOI WAN EAST","1","WONG KWOK TUNG","1,551",FALSE,FALSE,1551,2015
"H21","CHOI WAN EAST","2","LOK WAI CHUEN","129",FALSE,FALSE,129,2015
"H21","CHOI WAN EAST","3","CHOY TSZ KIN TIMOTHY","2,201*",FALSE,TRUE,2201,2015
"H22","CHOI WAN SOUTH","1","SHUM WAN WA","2,432*",FALSE,TRUE,2432,2015
"H22","CHOI WAN SOUTH","2","LI MEI LAN","1,321",FALSE,FALSE,1321,2015
"H23","CHOI WAN WEST","1","TSE CHI KIT","1,810",FALSE,FALSE,1810,2015
"H23","CHOI WAN WEST","2","TAM MEI PO","2,682*",FALSE,TRUE,2682,2015
"H24","CHI CHOI","1","WU CHI KIN","2,083*",FALSE,TRUE,2083,2015
"H24","CHI CHOI","2","HO YIN FAI","2,078",FALSE,FALSE,2078,2015
"H25","CHOI HUNG","1","LEUNG TAT POR","1,639",FALSE,FALSE,1639,2015
"H25","CHOI HUNG","2","MOK KIN WING","2,898*",FALSE,TRUE,2898,2015
"J01","KWUN TONG CENTRAL","*","CHAN WAH YU NELSON","Uncontested",TRUE,TRUE,0,2015
"J02","KOWLOON BAY","*","POON YAM WAI CHUN WINNIE","Uncontested",TRUE,TRUE,0,2015
"J03","KAI YIP","1","LAM SING","1,826",FALSE,FALSE,1826,2015
"J03","KAI YIP","2","AU YEUNG KWAN NOK","2,128*",FALSE,TRUE,2128,2015
"J04","LAI CHING","1","POON CHUN YUEN","2,682",FALSE,FALSE,2682,2015
"J04","LAI CHING","2","BUX SHEIK ANTHONY","3,060*",FALSE,TRUE,3060,2015
"J05","PING SHEK","*","CHAN CHUN KIT","Uncontested",TRUE,TRUE,0,2015
"J06","SHEUNG CHOI","*","TAM SIU CHEUK","Uncontested",TRUE,TRUE,0,2015
"J07","JORDAN VALLEY","1","WONG WAI TAG","1,400",FALSE,FALSE,1400,2015
"J07","JORDAN VALLEY","2","NGAN MAN YU","2,638*",FALSE,TRUE,2638,2015
"J08","SHUN TIN","1","MOK KIN SHING","2,864*",FALSE,TRUE,2864,2015
"J08","SHUN TIN","2","KWOK BIT CHUN(BENJAMIN)","2,764",FALSE,FALSE,2764,2015
"J09","SHEUNG SHUN","*","FU PIK CHUN","Uncontested",TRUE,TRUE,0,2015
"J10","ON LEE","1","CHOY CHAK HUNG","2,128*",FALSE,TRUE,2128,2015
"J10","ON LEE","2","LEUNG TANG FUNG","1,665",FALSE,FALSE,1665,2015
"J10","ON LEE","3","CHO KAI FAI","92",FALSE,FALSE,92,2015
"J11","PO TAT","1","TAM HO LAM","1,042",FALSE,FALSE,1042,2015
"J11","PO TAT","2","HUNG KAM IN","3,993*",FALSE,TRUE,3993,2015
"J12","SAU MAU PING NORTH","*","WONG CHUN PING","Uncontested",TRUE,TRUE,0,2015
"J13","HIU LAI","1","FUNG KWOK KEUNG BONHOEFFER","2,284",FALSE,FALSE,2284,2015
"J13","HIU LAI","2","SO LAI CHUN","3,466*",FALSE,TRUE,3466,2015
"J14","SAU MAU PING SOUTH","1","CHAN YIU HUNG JIMMY","2,418*",FALSE,TRUE,2418,2015
"J14","SAU MAU PING SOUTH","2","CHENG KWOK CHUN","668",FALSE,FALSE,668,2015
"J14","SAU MAU PING SOUTH","3","KAI MING WAH","340",FALSE,FALSE,340,2015
"J15","SAU MAU PING CENTRAL","*","CHEUNG PUI KONG","Uncontested",TRUE,TRUE,0,2015
"J16","HING TIN","1","CHAN MAN KIN","2,424*",FALSE,TRUE,2424,2015
"J16","HING TIN","2","LO CHING","2,125",FALSE,FALSE,2125,2015
"J17","LAM TIN","1","KAN MING TUNG","3,215*",FALSE,TRUE,3215,2015
"J17","LAM TIN","2","YAU MEI PO","1,285",FALSE,FALSE,1285,2015
"J18","KWONG TAK","*","OR CHONG SHING WILSON","Uncontested",TRUE,TRUE,0,2015
"J19","PING TIN","1","YIU PAK LEUNG","3,404*",FALSE,TRUE,3404,2015
"J19","PING TIN","2","NG CHI FAI","988",FALSE,FALSE,988,2015
"J20","PAK NGA","1","YU SUI SANG","138",FALSE,FALSE,138,2015
"J20","PAK NGA","2","HO KAI MING","2,666*",FALSE,TRUE,2666,2015
"J20","PAK NGA","3","CHAN YU MING","1,528",FALSE,FALSE,1528,2015
"J21","YAU TONG EAST","*","CHEUNG KI TANG","Uncontested",TRUE,TRUE,0,2015
"J22","YAU LAI","1","CHENG WAH TUNG FRANCIS","318",FALSE,FALSE,318,2015
"J22","YAU LAI","2","LAI SHU HO PATRICK","1,914*",FALSE,TRUE,1914,2015
"J22","YAU LAI","3","HON KA MING","1,264",FALSE,FALSE,1264,2015
"J23","CHUI CHEUNG","1","TSE SUK CHUN","2,918*",FALSE,TRUE,2918,2015
"J23","CHUI CHEUNG","2","WONG KAI SAN","2,654",FALSE,FALSE,2654,2015
"J24","YAU TONG WEST","*","LUI TUNG HAI","Uncontested",TRUE,TRUE,0,2015
"J25","LAGUNA CITY","1","TANG WING CHUN","4,091*",FALSE,TRUE,4091,2015
"J25","LAGUNA CITY","2","TAM MAN HO JEREMY JANSEN","3,243",FALSE,FALSE,3243,2015
"J26","KING TIN","1","CHEUNG SHUN WAH","2,791*",FALSE,TRUE,2791,2015
"J26","KING TIN","2","TONG DICK KAN","2,170",FALSE,FALSE,2170,2015
"J27","TSUI PING","1","CHENG KEUNG FUNG","3,457*",FALSE,TRUE,3457,2015
"J27","TSUI PING","2","LAM HO CHUN CAROL","1,134",FALSE,FALSE,1134,2015
"J28","PO LOK","1","CHENG KENG IEONG","2,097*",FALSE,TRUE,2097,2015
"J28","PO LOK","2","LAU TING ON","1,717",FALSE,FALSE,1717,2015
"J29","YUET WAH","1","HSU HOI SHAN","2,403*",FALSE,TRUE,2403,2015
"J29","YUET WAH","2","CHAN KAM WAI","1,098",FALSE,FALSE,1098,2015
"J30","HIP HONG","1","CHAU CHUNG PING","634",FALSE,FALSE,634,2015
"J30","HIP HONG","2","CHAN CHUNG BUN BUNNY","1,831*",FALSE,TRUE,1831,2015
"J30","HIP HONG","3","WONG YI TING EDITH","907",FALSE,FALSE,907,2015
"J31","HONG LOK","1","MA YAT CHIU","1,624*",FALSE,TRUE,1624,2015
"J31","HONG LOK","2","CHAN CHAK TO","1,525",FALSE,FALSE,1525,2015
"J32","TING ON","1","KAM KIN","2,159*",FALSE,TRUE,2159,2015
"J32","TING ON","2","WONG KAI MING","2,097",FALSE,FALSE,2097,2015
"J33","UPPER NGAU TAU KOK ESTATE","1","CHAN KOK WAH BEN","2,453*",FALSE,TRUE,2453,2015
"J33","UPPER NGAU TAU KOK ESTATE","2","LUI CHI HANG HENDRICK","1,531",FALSE,FALSE,1531,2015
"J34","LOWER NGAU TAU KOK ESTATE","1","WONG CHING FUNG","1,979",FALSE,FALSE,1979,2015
"J34","LOWER NGAU TAU KOK ESTATE","2","CHEUNG YIU PAN","2,441*",FALSE,TRUE,2441,2015
"J35","TO TAI","*","YIP HING KWOK","Uncontested",TRUE,TRUE,0,2015
"J36","LOK WAH NORTH","1","WONG CHI KEN","1,729*",FALSE,TRUE,1729,2015
"J36","LOK WAH NORTH","2","FUNG KAM YUEN","1,246",FALSE,FALSE,1246,2015
"J37","LOK WAH SOUTH","1","LEE KA HANG","1,687",FALSE,FALSE,1687,2015
"J37","LOK WAH SOUTH","2","SO KOON CHUNG KEVIN","2,245*",FALSE,TRUE,2245,2015
"K01","TAK WAH","*","LO SIU KIT","Uncontested",TRUE,TRUE,0,2015
"K02","YEUNG UK ROAD","1","CHAN HAN PAN","2,075*",FALSE,TRUE,2075,2015
"K02","YEUNG UK ROAD","2","LAM SEK TIM","1,233",FALSE,FALSE,1233,2015
"K03","HOI BUN","1","CHENG PAK KEUNG","1,926",FALSE,FALSE,1926,2015
"K03","HOI BUN","2","CHOW PING TIM","2,647*",FALSE,TRUE,2647,2015
"K04","CLAGUE GARDEN","1","KOO YEUNG PONG","1,825*",FALSE,TRUE,1825,2015
"K04","CLAGUE GARDEN","2","TONG WING CHI","1,550",FALSE,FALSE,1550,2015
"K05","FUK LOI","*","KOT SIU YUEN","Uncontested",TRUE,TRUE,0,2015
"K06","DISCOVERY PARK","1","TIEN MICHAEL PUK SUN","3,674*",FALSE,TRUE,3674,2015
"K06","DISCOVERY PARK","2","CHIU YAN LOY","2,020",FALSE,FALSE,2020,2015
"K07","TSUEN WAN CENTRE","1","LI HUNG POR","2,235*",FALSE,TRUE,2235,2015
"K07","TSUEN WAN CENTRE","2","TSANG TAI","2,074",FALSE,FALSE,2074,2015
"K08","ALLWAY","1","WONG YUI TAK LOUIS","1,777",FALSE,FALSE,1777,2015
"K08","ALLWAY","2","LAM YUEN PUN","2,820*",FALSE,TRUE,2820,2015
"K09","LAI TO","1","WONG WAI KIT","3,661*",FALSE,TRUE,3661,2015
"K09","LAI TO","2","CHIU PUI SZE(VICKY)","1,441",FALSE,FALSE,1441,2015
"K10","TING SHAM","1","HA HEI LOK","1,606",FALSE,FALSE,1606,2015
"K10","TING SHAM","2","CHENG CHIT PUN","1,799*",FALSE,TRUE,1799,2015
"K10","TING SHAM","3","CHENG SHING LUNG EDWIN","454",FALSE,FALSE,454,2015
"K11","TSUEN WAN WEST","1","CHU SHUN MING","793",FALSE,FALSE,793,2015
"K11","TSUEN WAN WEST","2","LAM LAM NIXIE","2,462*",FALSE,TRUE,2462,2015
"K11","TSUEN WAN WEST","3","POON CHIU LAM","1,500",FALSE,FALSE,1500,2015
"K12","TSUEN WAN RURAL","1","CHAN WAI MING","1,812",FALSE,FALSE,1812,2015
"K12","TSUEN WAN RURAL","2","NG HIN LUNG","1,984*",FALSE,TRUE,1984,2015
"K13","MA WAN","1","TSENG WEN TIEN JUSTIN","529",FALSE,FALSE,529,2015
"K13","MA WAN","2","LUK WAI LEUNG WILLIAM","193",FALSE,FALSE,193,2015
"K13","MA WAN","3","TAM HOI PONG","1,668*",FALSE,TRUE,1668,2015
"K13","MA WAN","4","WONG CHIU WAH KEVIN","1,056",FALSE,FALSE,1056,2015
"K14","LUK YEUNG","1","WONG PUI CHI","1,933",FALSE,FALSE,1933,2015
"K14","LUK YEUNG","2","LAM FAAT KANG","2,193*",FALSE,TRUE,2193,2015
"K15","LEI MUK SHUE EAST","1","CHAN YUEN SUM SUMLY","3,169*",FALSE,TRUE,3169,2015
"K15","LEI MUK SHUE EAST","2","LUI DIK MING","1,773",FALSE,FALSE,1773,2015
"K16","LEI MUK SHUE WEST","1","TAM TSZ FEI","1,385",FALSE,FALSE,1385,2015
"K16","LEI MUK SHUE WEST","2","WONG KA WA","2,895*",FALSE,TRUE,2895,2015
"K17","SHEK WAI KOK","1","MAN YU MING","2,356*",FALSE,TRUE,2356,2015
"K17","SHEK WAI KOK","2","LAI MAN FAI","1,035",FALSE,FALSE,1035,2015
"K18","CHEUNG SHEK","1","WONG CHI SHUN ADEN","864",FALSE,FALSE,864,2015
"K18","CHEUNG SHEK","2","CHAN CHUN CHUNG","1,997*",FALSE,TRUE,1997,2015
"K18","CHEUNG SHEK","3","CHAN KA WING","353",FALSE,FALSE,353,2015
"L01","TUEN MUN TOWN CENTRE","1","CHIU KAM MOON","834",FALSE,FALSE,834,2015
"L01","TUEN MUN TOWN CENTRE","2","AU CHI YUEN","1,517*",FALSE,TRUE,1517,2015
"L02","SIU CHI","1","LAM CHUNG HOI","3,551*",FALSE,TRUE,3551,2015
"L02","SIU CHI","2","LI CHING YEE","1,532",FALSE,FALSE,1532,2015
"L02","SIU CHI","3","WONG KA LEUNG","232",FALSE,FALSE,232,2015
"L03","SIU TSUI","1","YIP MAN PAN","3,138*",FALSE,TRUE,3138,2015
"L03","SIU TSUI","2","NG HON YING","192",FALSE,FALSE,192,2015
"L03","SIU TSUI","3","TANG CHUN TO","2,536",FALSE,FALSE,2536,2015
"L04","ON TING","1","FUNG PUI YIN","2,216",FALSE,FALSE,2216,2015
"L04","ON TING","2","KONG FUNG YI","2,383*",FALSE,TRUE,2383,2015
"L05","YAU OI SOUTH","1","CHIN PO FUN","1,057",FALSE,FALSE,1057,2015
"L05","YAU OI SOUTH","2","TSANG HIN HONG","2,085*",FALSE,TRUE,2085,2015
"L06","YAU OI NORTH","1","CHAN WAN SANG","1,616",FALSE,FALSE,1616,2015
"L06","YAU OI NORTH","2","TAM CHUN YIN","1,731*",FALSE,TRUE,1731,2015
"L06","YAU OI NORTH","3","LAM LAP","92",FALSE,FALSE,92,2015
"L07","TSUI HING","*","CHU YIU WAH","Uncontested",TRUE,TRUE,0,2015
"L08","SHAN KING","1","NG KOON HUNG","1,853*",FALSE,TRUE,1853,2015
"L08","SHAN KING","2","HON LAI YIN","1,605",FALSE,FALSE,1605,2015
"L09","KING HING","*","CHAN YAU HOI","Uncontested",TRUE,TRUE,0,2015
"L10","HING TSAK","1","CHAN SZE NGA","1,498",FALSE,FALSE,1498,2015
"L10","HING TSAK","2","TSUI FAN","2,673*",FALSE,TRUE,2673,2015
"L11","SAN HUI","1","HO HAU CHUN","742",FALSE,FALSE,742,2015
"L11","SAN HUI","2","HUI CHEUK HO","631",FALSE,FALSE,631,2015
"L11","SAN HUI","3","KWU HON KEUNG","1,099*",FALSE,TRUE,1099,2015
"L12","SAM SHING","1","LEE KAM TIM","892",FALSE,FALSE,892,2015
"L12","SAM SHING","2","SO SHIU SHING","1,837*",FALSE,TRUE,1837,2015
"L13","HANFORD","1","CHU SHUN NGA BEATRICE","2,597*",FALSE,TRUE,2597,2015
"L13","HANFORD","2","NGAI KA HO","1,021",FALSE,FALSE,1021,2015
"L13","HANFORD","3","WONG CHAK WAH","96",FALSE,FALSE,96,2015
"L13","HANFORD","4","LI KWAI FONG","697",FALSE,FALSE,697,2015
"L14","FU SUN","1","LUNG KANG SAN","676",FALSE,FALSE,676,2015
"L14","FU SUN","2","LI SAI KEUNG","179",FALSE,FALSE,179,2015
"L14","FU SUN","3","TAI YIN CHIU(THOMAS)","445",FALSE,FALSE,445,2015
"L14","FU SUN","4","CHEUNG WAI KAU","920",FALSE,FALSE,920,2015
"L14","FU SUN","5","KAM MAN FUNG","2,493*",FALSE,TRUE,2493,2015
"L14","FU SUN","6","HO YING SANG(CHRIS)","172",FALSE,FALSE,172,2015
"L15","YUET WU","1","CHEUNG HANG FAI","2,073*",FALSE,TRUE,2073,2015
"L15","YUET WU","2","YIP LAI MEI NATALIE","1,682",FALSE,FALSE,1682,2015
"L16","SIU HEI","1","HAU KWOK TUNG","1,488",FALSE,FALSE,1488,2015
"L16","SIU HEI","2","YAN SIU NAM","2,021*",FALSE,TRUE,2021,2015
"L17","WU KING","1","LEUNG KIN MAN","1,454*",FALSE,TRUE,1454,2015
"L17","WU KING","2","CHOW KAI LIM","1,049",FALSE,FALSE,1049,2015
"L18","BUTTERFLY","1","YEUNG CHI HANG","2,505*",FALSE,TRUE,2505,2015
"L18","BUTTERFLY","2","SO OI KWAN","1,949",FALSE,FALSE,1949,2015
"L19","LOK TSUI","1","HO KWAN YIU","2,013*",FALSE,TRUE,2013,2015
"L19","LOK TSUI","2","YUEN WAI CHUNG","99",FALSE,FALSE,99,2015
"L19","LOK TSUI","3","CHENG CHUNG TAI","391",FALSE,FALSE,391,2015
"L19","LOK TSUI","4","CHEUNG WING WAI","25",FALSE,FALSE,25,2015
"L19","LOK TSUI","5","SHUM KAM TIM","94",FALSE,FALSE,94,2015
"L19","LOK TSUI","6","HO CHUN YAN","1,736",FALSE,FALSE,1736,2015
"L20","LUNG MUN","*","LUNG SHUI HING","Uncontested",TRUE,TRUE,0,2015
"L21","SAN KING","1","LEE FUNG SIM","1,243",FALSE,FALSE,1243,2015
"L21","SAN KING","2","WONG LAI SHEUNG CATHERINE","2,686*",FALSE,TRUE,2686,2015
"L22","LEUNG KING","1","CHING CHI HUNG","2,366*",FALSE,TRUE,2366,2015
"L22","LEUNG KING","2","KWUN TUNG WING","1,290",FALSE,FALSE,1290,2015
"L23","TIN KING","1","LEE HUNG SHAM LOTHAR","2,295*",FALSE,TRUE,2295,2015
"L23","TIN KING","2","CHIU KIM LING","1,321",FALSE,FALSE,1321,2015
"L24","PO TIN","1","SO KA MAN","2,516*",FALSE,TRUE,2516,2015
"L24","PO TIN","2","CHU SIU HUNG","402",FALSE,FALSE,402,2015
"L25","KIN SANG","1","LAM TSZ CHING","1,283",FALSE,FALSE,1283,2015
"L25","KIN SANG","2","CHAN MAN WAH","2,456*",FALSE,TRUE,2456,2015
"L26","SIU HONG","1","MO SHING FUNG","2,677*",FALSE,TRUE,2677,2015
"L26","SIU HONG","2","LAW HO YAN","80",FALSE,FALSE,80,2015
"L26","SIU HONG","3","CHAN SHU YING JOSEPHINE","2,267",FALSE,FALSE,2267,2015
"L27","PRIME VIEW","1","HO HANG MUI","2,970*",FALSE,TRUE,2970,2015
"L27","PRIME VIEW","2","KWONG MAN TIK","1,126",FALSE,FALSE,1126,2015
"L28","FU TAI","1","CHAN MANWELL","2,823*",FALSE,TRUE,2823,2015
"L28","FU TAI","2","HO WAI CHEUNG","1,044",FALSE,FALSE,1044,2015
"L29","TUEN MUN RURAL","1","TANG TAK SUM","728",FALSE,FALSE,728,2015
"L29","TUEN MUN RURAL","2","TO SHECK YUEN","1,644*",FALSE,TRUE,1644,2015
"M01","FUNG NIN","1","LUI KIN","2,179*",FALSE,TRUE,2179,2015
"M01","FUNG NIN","2","WONG KWOK HUNG","1,227",FALSE,FALSE,1227,2015
"M02","SHUI PIN","*","YUEN MAN YEE","Uncontested",TRUE,TRUE,0,2015
"M03","NAM PING","1","WONG WAI YIN ZACHARY","2,598*",FALSE,TRUE,2598,2015
"M03","NAM PING","2","CHEUNG FAN LAN","1,249",FALSE,FALSE,1249,2015
"M03","NAM PING","3","CHAN WAI YI","246",FALSE,FALSE,246,2015
"M04","PEK LONG","1","WONG YUK CHUN","2,013",FALSE,FALSE,2013,2015
"M04","PEK LONG","2","KWONG CHUN YU","2,890*",FALSE,TRUE,2890,2015
"M05","YUEN LONG CENTRE","1","LAM TING WAI","1,049",FALSE,FALSE,1049,2015
"M05","YUEN LONG CENTRE","2","SIU LONG MING","1,615*",FALSE,TRUE,1615,2015
"M06","YUEN LUNG","1","WONG WAI SHUN","2,651*",FALSE,TRUE,2651,2015
"M06","YUEN LUNG","2","CHONG KIN SHING","362",FALSE,FALSE,362,2015
"M07","FUNG CHEUNG","1","MAK IP SING","2,173*",FALSE,TRUE,2173,2015
"M07","FUNG CHEUNG","2","YU CHUNG LEUNG","1,425",FALSE,FALSE,1425,2015
"M07","FUNG CHEUNG","3","WONG WAI","163",FALSE,FALSE,163,2015
"M08","SHAP PAT HEUNG EAST","*","SHUM HO KIT","Uncontested",TRUE,TRUE,0,2015
"M09","SHAP PAT HEUNG CENTRAL","*","LEUNG MING KIN","Uncontested",TRUE,TRUE,0,2015
"M10","SHAP PAT HEUNG WEST","*","CHING CHAN MING","Uncontested",TRUE,TRUE,0,2015
"M11","PING SHAN SOUTH","*","CHEUNG MUK LAM","Uncontested",TRUE,TRUE,0,2015
"M12","PING SHAN CENTRAL","*","TANG HING IP","Uncontested",TRUE,TRUE,0,2015
"M13","PING SHAN NORTH","1","TANG TAT SIN","938",FALSE,FALSE,938,2015
"M13","PING SHAN NORTH","2","YOUNG KA ON","1,344*",FALSE,TRUE,1344,2015
"M14","HA TSUEN","1","CHENG KAM HO","376",FALSE,FALSE,376,2015
"M14","HA TSUEN","2","TANG KA LEUNG","2,610*",FALSE,TRUE,2610,2015
"M15","TIN SHING","1","CHAN SZE CHING","3,702*",FALSE,TRUE,3702,2015
"M15","TIN SHING","2","LEUNG YIP PANG","1,807",FALSE,FALSE,1807,2015
"M16","SHUI OI","1","CHAU TSZ KI","1,434",FALSE,FALSE,1434,2015
"M16","SHUI OI","2","KWOK KEUNG","3,136*",FALSE,TRUE,3136,2015
"M17","SHUI WAH","1","KO CHUN KIT","1,634",FALSE,FALSE,1634,2015
"M17","SHUI WAH","2","CHOW WING KAN","1,941*",FALSE,TRUE,1941,2015
"M18","CHUNG WAH","1","WONG WAI LING","1,775*",FALSE,TRUE,1775,2015
"M18","CHUNG WAH","2","CHAN KA KUI","965",FALSE,FALSE,965,2015
"M19","YUET YAN","*","CHIU SAU HAN","Uncontested",TRUE,TRUE,0,2015
"M20","FU YAN","1","KEUNG KWOK WAI","1,339",FALSE,FALSE,1339,2015
"M20","FU YAN","2","LAU KWAI YUNG","2,819*",FALSE,TRUE,2819,2015
"M21","YAT CHAK","1","KWOK HING PING","2,288*",FALSE,TRUE,2288,2015
"M21","YAT CHAK","2","WONG YUEN FAI","496",FALSE,FALSE,496,2015
"M21","YAT CHAK","3","WONG YU CHOI","1,468",FALSE,FALSE,1468,2015
"M22","TIN HENG","1","WONG PAK YU","1,317",FALSE,FALSE,1317,2015
"M22","TIN HENG","2","CHEUNG KWOK TUNG","846",FALSE,FALSE,846,2015
"M22","TIN HENG","3","LUK CHUNG HUNG(MICHAEL)","2,749*",FALSE,TRUE,2749,2015
"M23","WANG YAT","*","YIU KWOK WAI","Uncontested",TRUE,TRUE,0,2015
"M24","CHING KING","1","TANG CHEUK HIM","2,423*",FALSE,TRUE,2423,2015
"M24","CHING KING","2","SO WING CHAU","632",FALSE,FALSE,632,2015
"M25","KINGSWOOD NORTH","1","LEE YUET MAN","2,775*",FALSE,TRUE,2775,2015
"M25","KINGSWOOD NORTH","2","HO WAI FONG POLLY","1,747",FALSE,FALSE,1747,2015
"M26","TSZ YAU","1","CHAN MEI LIN","2,438*",FALSE,TRUE,2438,2015
"M26","TSZ YAU","2","CHING YUNG FAI","1,345",FALSE,FALSE,1345,2015
"M27","YIU YAU","1","MA SHUK YIN","1,584*",FALSE,TRUE,1584,2015
"M27","YIU YAU","2","WONG PUI YIN AGATHA","1,255",FALSE,FALSE,1255,2015
"M28","TIN YIU","1","LEUNG CHE CHEUNG","1,713*",FALSE,TRUE,1713,2015
"M28","TIN YIU","2","LEUNG CHIN HANG(PLISKIN)","1,552",FALSE,FALSE,1552,2015
"M29","KINGSWOOD SOUTH","1","NG YUK YING(KATY)","1,724",FALSE,FALSE,1724,2015
"M29","KINGSWOOD SOUTH","2","CHAM KA HUNG DANIEL","2,191*",FALSE,TRUE,2191,2015
"M30","CHUNG PAK","1","WONG CHEUK KIN","2,078*",FALSE,TRUE,2078,2015
"M30","CHUNG PAK","2","MOK YIM HAY","1,380",FALSE,FALSE,1380,2015
"M31","FAIRVIEW PARK","1","TO KA LUN","1,826*",FALSE,TRUE,1826,2015
"M31","FAIRVIEW PARK","2","LEUNG WAI KWAN","144",FALSE,FALSE,144,2015
"M31","FAIRVIEW PARK","3","YAU TAI TAI","1,596",FALSE,FALSE,1596,2015
"M32","SAN TIN","1","MAN KWONG MING","2,286*",FALSE,TRUE,2286,2015
"M32","SAN TIN","2","MAN KWAI KI","1,193",FALSE,FALSE,1193,2015
"M33","KAM TIN","*","TANG CHEUK YIN","Uncontested",TRUE,TRUE,0,2015
"M34","PAT HEUNG NORTH","1","TANG CHI KWONG","1,471",FALSE,FALSE,1471,2015
"M34","PAT HEUNG NORTH","2","TANG YUNG YIU RONNIE","1,806*",FALSE,TRUE,1806,2015
"M35","PAT HEUNG SOUTH","1","CHU HOI DICK EDDIE","1,482",FALSE,FALSE,1482,2015
"M35","PAT HEUNG SOUTH","2","LAI WAI HUNG","2,872*",FALSE,TRUE,2872,2015
"N01","LUEN WO HUI","1","LAW SAI YAN","1,981",FALSE,FALSE,1981,2015
"N01","LUEN WO HUI","2","TSANG HING LUNG","2,640*",FALSE,TRUE,2640,2015
"N01","LUEN WO HUI","3","LIU MING KIN(ANDY)","413",FALSE,FALSE,413,2015
"N02","FANLING TOWN","1","WONG CHUN NING","826",FALSE,FALSE,826,2015
"N02","FANLING TOWN","2","PANG CHUN SING GEORGE","1,403*",FALSE,TRUE,1403,2015
"N03","CHEUNG WAH","1","YIP YIU SHING CHRIS","1,569",FALSE,FALSE,1569,2015
"N03","CHEUNG WAH","2","CHAN YUK MING","1,814*",FALSE,TRUE,1814,2015
"N03","CHEUNG WAH","3","WONG KA HO","1,710",FALSE,FALSE,1710,2015
"N03","CHEUNG WAH","4","YUEN HOI WAI FEDER","178",FALSE,FALSE,178,2015
"N04","WAH DO","*","YIU MING","Uncontested",TRUE,TRUE,0,2015
"N05","WAH MING","1","LAI SUM","1,814",FALSE,FALSE,1814,2015
"N05","WAH MING","2","CHAN WAI TAT","2,660*",FALSE,TRUE,2660,2015
"N06","YAN SHING","*","LAU KWOK FAN","Uncontested",TRUE,TRUE,0,2015
"N07","SHING FUK","*","WAN WO TAT WARWICK","Uncontested",TRUE,TRUE,0,2015
"N08","FANLING SOUTH","1","HO SHU KWONG RAYMOND","1,824*",FALSE,TRUE,1824,2015
"N08","FANLING SOUTH","2","WONG SING CHI","992",FALSE,FALSE,992,2015
"N09","CHING HO","*","LARM WAI LEUNG","Uncontested",TRUE,TRUE,0,2015
"N10","YU TAI","1","TSANG KING CHUNG KENT","1,922*",FALSE,TRUE,1922,2015
"N10","YU TAI","2","SHEK FONG YAU","326",FALSE,FALSE,326,2015
"N10","YU TAI","3","HAU WING KONG ALVAN","672",FALSE,FALSE,672,2015
"N11","SHEUNG SHUI RURAL","1","HAU KAM LAM","2,474",FALSE,FALSE,2474,2015
"N11","SHEUNG SHUI RURAL","2","HAU FUK TAT SIMON","2,934*",FALSE,TRUE,2934,2015
"N12","CHOI YUEN","1","SO SAI CHI","2,481*",FALSE,TRUE,2481,2015
"N12","CHOI YUEN","2","LEUNG KAM SHING CLARENCE RONALD","1,975",FALSE,FALSE,1975,2015
"N13","SHEK WU HUI","1","LAU HON KIN","90",FALSE,FALSE,90,2015
"N13","SHEK WU HUI","2","WONG YUN KEUNG SIMON","1,760",FALSE,FALSE,1760,2015
"N13","SHEK WU HUI","3","LAM CHEUK TING","2,390*",FALSE,TRUE,2390,2015
"N14","TIN PING WEST","1","POON TAK WING","1,445",FALSE,FALSE,1445,2015
"N14","TIN PING WEST","2","WONG WANG TO","2,219*",FALSE,TRUE,2219,2015
"N14","TIN PING WEST","3","LEE CHING HEI","797",FALSE,FALSE,797,2015
"N15","FUNG TSUI","1","YU MAN KWONG","981",FALSE,FALSE,981,2015
"N15","FUNG TSUI","2","LIU KWOK WAH","1,460",FALSE,FALSE,1460,2015
"N15","FUNG TSUI","3","LIU HING HUNG","1,649*",FALSE,TRUE,1649,2015
"N16","SHA TA","1","WAN WO FAI","2,307*",FALSE,TRUE,2307,2015
"N16","SHA TA","2","TSANG YUK ON","1,104",FALSE,FALSE,1104,2015
"N16","SHA TA","3","CHEUNG KWAI CHOI","651",FALSE,FALSE,651,2015
"N16","SHA TA","4","CHU OI PING","111",FALSE,FALSE,111,2015
"N17","TIN PING EAST","1","LAU KI FUNG","1,726*",FALSE,TRUE,1726,2015
"N17","TIN PING EAST","2","OR SIN YI WINDY","1,567",FALSE,FALSE,1567,2015
"N17","TIN PING EAST","3","YU CHI SHING PAUL","603",FALSE,FALSE,603,2015
"N18","QUEEN'S HILL","*","TANG KUN NIN TONY","Uncontested",TRUE,TRUE,0,2015
"P01","TAI PO HUI","1","LI KWOK YING","1,096*",FALSE,TRUE,1096,2015
"P01","TAI PO HUI","2","CHOY WING MUI MOLLY","865",FALSE,FALSE,865,2015
"P02","TAI PO CENTRAL","1","MUI SIU FUNG","1,444",FALSE,FALSE,1444,2015
"P02","TAI PO CENTRAL","2","AU CHUN WAH","1,866*",FALSE,TRUE,1866,2015
"P02","TAI PO CENTRAL","3","MAN WAI KEUNG","384",FALSE,FALSE,384,2015
"P03","CHUNG TING","1","LUI NOK","1,810",FALSE,FALSE,1810,2015
"P03","CHUNG TING","2","TAM WING FUN ERIC","1,881*",FALSE,TRUE,1881,2015
"P04","TAI YUEN","1","AU CHUN HO","1,334",FALSE,FALSE,1334,2015
"P04","TAI YUEN","2","CHENG CHUN PING","2,017*",FALSE,TRUE,2017,2015
"P05","FU HENG","1","WONG CHAU PAK","1,417",FALSE,FALSE,1417,2015
"P05","FU HENG","2","YAM MAN CHUEN","3,716*",FALSE,TRUE,3716,2015
"P06","YEE FU","1","CHEUNG FUNG YIN","1,607",FALSE,FALSE,1607,2015
"P06","YEE FU","2","YAM KAI BONG","4,148*",FALSE,TRUE,4148,2015
"P07","FU MING SUN","1","KWAN WING YIP","3,147*",FALSE,TRUE,3147,2015
"P07","FU MING SUN","2","CHAN YUNG WA","1,122",FALSE,FALSE,1122,2015
"P08","KWONG FUK & PLOVER COVE","1","WONG PIK KIU","2,248*",FALSE,TRUE,2248,2015
"P08","KWONG FUK & PLOVER COVE","2","KWOK SHU YAN","363",FALSE,FALSE,363,2015
"P08","KWONG FUK & PLOVER COVE","3","CHOW BENJAMIN","779",FALSE,FALSE,779,2015
"P09","WANG FUK","1","WOO KIN MAN CLEMENT","2,120*",FALSE,TRUE,2120,2015
"P09","WANG FUK","2","MAN NIM CHI","1,570",FALSE,FALSE,1570,2015
"P10","TAI PO KAU","*","CHAN SIU KUEN","Uncontested",TRUE,TRUE,0,2015
"P11","WAN TAU TONG","1","CHENG WAI","2,123",FALSE,FALSE,2123,2015
"P11","WAN TAU TONG","2","YU CHI WING(KEN)","2,711*",FALSE,TRUE,2711,2015
"P12","SAN FU","1","KWOK WING KIN","2,064",FALSE,FALSE,2064,2015
"P12","SAN FU","2","LO HIU FUNG","2,447*",FALSE,TRUE,2447,2015
"P12","SAN FU","3","WU KAM FAI","129",FALSE,FALSE,129,2015
"P13","LAM TSUEN VALLEY","1","WAN YUK WING","374",FALSE,FALSE,374,2015
"P13","LAM TSUEN VALLEY","2","CHAN CHO LEUNG","2,468*",FALSE,TRUE,2468,2015
"P13","LAM TSUEN VALLEY","3","LAM CHUN CHEUNG","1,744",FALSE,FALSE,1744,2015
"P14","PO NGA","1","CHOW YUEN WAI","2,683*",FALSE,TRUE,2683,2015
"P14","PO NGA","2","WONG YUNG KAN","2,292",FALSE,FALSE,2292,2015
"P15","TAI WO","*","CHENG CHUN WO","Uncontested",TRUE,TRUE,0,2015
"P16","OLD MARKET & SERENITY","1","LAU YUNG WAI","2,170*",FALSE,TRUE,2170,2015
"P16","OLD MARKET & SERENITY","2","CHEUNG KWOK WAI","1,699",FALSE,FALSE,1699,2015
"P17","HONG LOK YUEN","1","MAN CHEN FAI","1,132",FALSE,FALSE,1132,2015
"P17","HONG LOK YUEN","2","TANG MING TAI PATRICK","1,780*",FALSE,TRUE,1780,2015
"P18","SHUEN WAN","*","LAU CHEE SING(DR.)","Uncontested",TRUE,TRUE,0,2015
"P19","SAI KUNG NORTH","1","LI WAH KWONG REX","1,024*",FALSE,TRUE,1024,2015
"P19","SAI KUNG NORTH","2","LEE KWAI YAU VICTOR","1,004",FALSE,FALSE,1004,2015
"Q01","SAI KUNG CENTRAL","1","CHEUNG SZE KIT ALAN","843",FALSE,FALSE,843,2015
"Q01","SAI KUNG CENTRAL","2","NG SZE FUK","1,723*",FALSE,TRUE,1723,2015
"Q02","PAK SHA WAN","1","PO WAI MING","1,109",FALSE,FALSE,1109,2015
"Q02","PAK SHA WAN","2","HIEW MOO SIEW","1,539*",FALSE,TRUE,1539,2015
"Q03","SAI KUNG ISLANDS","*","LI KA LEUNG PHILIP","Uncontested",TRUE,TRUE,0,2015
"Q04","HANG HAU EAST","1","LAU MAN CHOI NEWMAN","810",FALSE,FALSE,810,2015
"Q04","HANG HAU EAST","2","LAU WAI CHEUNG PETER","962*",FALSE,TRUE,962,2015
"Q05","HANG HAU WEST","1","LUK SAU CHING","1,027",FALSE,FALSE,1027,2015
"Q05","HANG HAU WEST","2","YAU YUK LUN","1,397*",FALSE,TRUE,1397,2015
"Q06","PO YEE","1","TSE CHING FUNG","2,361*",FALSE,TRUE,2361,2015
"Q06","PO YEE","2","NG SHUET SHAN","1,838",FALSE,FALSE,1838,2015
"Q07","WAI KING","1","WONG SHING KWONG(JACK)","357",FALSE,FALSE,357,2015
"Q07","WAI KING","2","CHAN KAI WAI","3,014*",FALSE,TRUE,3014,2015
"Q08","DO SHIN","1","SO HO","572",FALSE,FALSE,572,2015
"Q08","DO SHIN","2","MOK RUBY","617",FALSE,FALSE,617,2015
"Q08","DO SHIN","3","SHUEN PAK MAN ANDREW","531",FALSE,FALSE,531,2015
"Q08","DO SHIN","4","CHEUNG CHIN PANG","1,216*",FALSE,TRUE,1216,2015
"Q09","KIN MING","1","CHAU KA LOK","710",FALSE,FALSE,710,2015
"Q09","KIN MING","2","LEUNG LI","3,719*",FALSE,TRUE,3719,2015
"Q10","CHOI KIN","1","NG JACOB","1,791",FALSE,FALSE,1791,2015
"Q10","CHOI KIN","2","HO MAN KIT RAYMOND","2,873*",FALSE,TRUE,2873,2015
"Q11","O TONG","1","AU YEUNG HO KWAN","1,314",FALSE,FALSE,1314,2015
"Q11","O TONG","2","LUI MAN KWONG","1,831*",FALSE,TRUE,1831,2015
"Q11","O TONG","3","KO WING LUEN","1,036",FALSE,FALSE,1036,2015
"Q12","FU KWAN","1","LUK PING CHOI","2,087*",FALSE,TRUE,2087,2015
"Q12","FU KWAN","2","LUI KIM HO(KIM)","1,671",FALSE,FALSE,1671,2015
"Q12","FU KWAN","3","SHEK YUEN HON","43",FALSE,FALSE,43,2015
"Q13","KWAN PO","1","LEE KWOK PUI","534",FALSE,FALSE,534,2015
"Q13","KWAN PO","2","CHAN CHIN CHUN(CYRUS)","480",FALSE,FALSE,480,2015
"Q13","KWAN PO","3","LEE SUN ANTONY","583",FALSE,FALSE,583,2015
"Q13","KWAN PO","4","WONG TIN YAU","487",FALSE,FALSE,487,2015
"Q13","KWAN PO","5","LAI MING CHAK","784*",FALSE,TRUE,784,2015
"Q14","NAM ON","1","CHAU YIN MING FRANCIS","3,359*",FALSE,TRUE,3359,2015
"Q14","NAM ON","2","YU KAI CHUN","985",FALSE,FALSE,985,2015
"Q15","HONG KING","1","CHAN KIN CHUN KEN","2,446",FALSE,FALSE,2446,2015
"Q15","HONG KING","2","LAM SIU CHUNG FRANKIE","3,274*",FALSE,TRUE,3274,2015
"Q16","TSUI LAM","1","CHAN YUEN PAN","1,396",FALSE,FALSE,1396,2015
"Q16","TSUI LAM","2","TAM LANNY","3,051*",FALSE,TRUE,3051,2015
"Q17","PO LAM","1","AU NING FAT ALFRED","2,446*",FALSE,TRUE,2446,2015
"Q17","PO LAM","2","WONG LOK YIN(ROCKY)","779",FALSE,FALSE,779,2015
"Q17","PO LAM","3","CHEUNG CHI TUNG","913",FALSE,FALSE,913,2015
"Q18","YAN YING","1","YEUNG HO CHUEN(HARRIS)","1,007",FALSE,FALSE,1007,2015
"Q18","YAN YING","2","CHUNG KAM LUN(BEN)","3,283*",FALSE,TRUE,3283,2015
"Q18","YAN YING","3","LIU TSZ CHUNG MICHAEL","1,229",FALSE,FALSE,1229,2015
"Q19","WAN HANG","1","SUN WAI KEI","2,313",FALSE,FALSE,2313,2015
"Q19","WAN HANG","2","FAN GARY KWOK WAI","3,104*",FALSE,TRUE,3104,2015
"Q19","WAN HANG","3","LAI TZE WAH","117",FALSE,FALSE,117,2015
"Q20","KING LAM","1","WAN KAI MING","2,878*",FALSE,TRUE,2878,2015
"Q20","KING LAM","2","LAM WING YIN","2,707",FALSE,FALSE,2707,2015
"Q21","HAU TAK","1","LING MAN HOI","2,679*",FALSE,TRUE,2679,2015
"Q21","HAU TAK","2","TSANG HO MAN","2,261",FALSE,FALSE,2261,2015
"Q22","FU NAM","1","CHAN YIU MING","2,113",FALSE,FALSE,2113,2015
"Q22","FU NAM","2","CHAN POK CHI","2,207*",FALSE,TRUE,2207,2015
"Q23","TAK MING","*","WAN YUET CHEUNG","Uncontested",TRUE,TRUE,0,2015
"Q24","SHEUNG TAK","1","CHOI KIN CHING(CHOI CHUN HIU)","650",FALSE,FALSE,650,2015
"Q24","SHEUNG TAK","2","KAN SIU KEI","2,978*",FALSE,TRUE,2978,2015
"Q24","SHEUNG TAK","3","WONG FAI","1,662",FALSE,FALSE,1662,2015
"Q25","KWONG MING","1","SHI HAU KIT SIMON","777",FALSE,FALSE,777,2015
"Q25","KWONG MING","2","CHOI MING HEI","1,055",FALSE,FALSE,1055,2015
"Q25","KWONG MING","3","CHONG YUEN TUNG","3,373*",FALSE,TRUE,3373,2015
"Q26","WAN PO NORTH","1","CHUI TING PONG","665",FALSE,FALSE,665,2015
"Q26","WAN PO NORTH","2","FONG KWOK SHAN CHRISTINE","2,667*",FALSE,TRUE,2667,2015
"Q27","WAN PO SOUTH","1","CHEUNG MEI HUNG","2,188*",FALSE,TRUE,2188,2015
"Q27","WAN PO SOUTH","2","WU CHEUK HIM","539",FALSE,FALSE,539,2015
"R01","SHA TIN TOWN CENTRE","1","WONG CHI YUNG(ALF WONG)","1,328",FALSE,FALSE,1328,2015
"R01","SHA TIN TOWN CENTRE","2","WAI HING CHEUNG","2,759*",FALSE,TRUE,2759,2015
"R02","LEK YUEN","1","WONG YUE HON","1,799*",FALSE,TRUE,1799,2015
"R02","LEK YUEN","2","WONG HO MING","1,406",FALSE,FALSE,1406,2015
"R03","WO CHE ESTATE","1","YUE SHIN MAN ANNA(ANNA)","2,495*",FALSE,TRUE,2495,2015
"R03","WO CHE ESTATE","2","LEE WAI FUNG(DECO)","1,602",FALSE,FALSE,1602,2015
"R03","WO CHE ESTATE","3","LEE TAK WAH","1,185",FALSE,FALSE,1185,2015
"R04","CITY ONE","*","WONG KA WING","Uncontested",TRUE,TRUE,0,2015
"R05","YUE SHING","*","LEUNG KA FAI","Uncontested",TRUE,TRUE,0,2015
"R06","WONG UK","1","LEUNG CHI WAI","1,936",FALSE,FALSE,1936,2015
"R06","WONG UK","2","LAI TSZ YAN","2,111*",FALSE,TRUE,2111,2015
"R07","SHA KOK","1","CHAN BILLY SHIU YEUNG","2,627*",FALSE,TRUE,2627,2015
"R07","SHA KOK","2","YEUNG SIN HUNG","2,437",FALSE,FALSE,2437,2015
"R08","POK HONG","1","CHIU CHU PONG","2,859*",FALSE,TRUE,2859,2015
"R08","POK HONG","2","CHAN KWOK TIM","2,666",FALSE,FALSE,2666,2015
"R09","JAT MIN","1","CHAU PING HIM","541",FALSE,FALSE,541,2015
"R09","JAT MIN","2","YIP KA MING MICHAEL","1,050",FALSE,FALSE,1050,2015
"R09","JAT MIN","3","YAU MAN CHUN","3,221*",FALSE,TRUE,3221,2015
"R10","CHUN FUNG","1","LEUNG KA WAI","1,578",FALSE,FALSE,1578,2015
"R10","CHUN FUNG","2","CHAN NOK HANG","3,724*",FALSE,TRUE,3724,2015
"R11","SUN TIN WAI","1","LI LOK YAN","1,488",FALSE,FALSE,1488,2015
"R11","SUN TIN WAI","2","CHING CHEUNG YING","2,455*",FALSE,TRUE,2455,2015
"R12","CHUI TIN","1","HUI YUI YU","2,048*",FALSE,TRUE,2048,2015
"R12","CHUI TIN","2","WONG CHAK PIU PHILIP","1,675",FALSE,FALSE,1675,2015
"R13","HIN KA","1","LAM CHUNG YAN","2,473*",FALSE,TRUE,2473,2015
"R13","HIN KA","2","MOK WAI HUNG","1,713",FALSE,FALSE,1713,2015
"R14","LOWER SHING MUN","1","TONG HOK LEUNG","1,209*",FALSE,TRUE,1209,2015
"R14","LOWER SHING MUN","2","LEE YUEN KAM","987",FALSE,FALSE,987,2015
"R14","LOWER SHING MUN","3","CHONG YIU KAN SHERMAN","1,175",FALSE,FALSE,1175,2015
"R15","WAN SHING","1","WONG LEUNG HI","962",FALSE,FALSE,962,2015
"R15","WAN SHING","2","CHEUNG TAK WING","927",FALSE,FALSE,927,2015
"R15","WAN SHING","3","HO HAU CHEUNG","1,989*",FALSE,TRUE,1989,2015
"R16","KENG HAU","1","NG KAM HUNG","2,826*",FALSE,TRUE,2826,2015
"R16","KENG HAU","2","HO KWOK WAH GEORGE","2,144",FALSE,FALSE,2144,2015
"R17","TIN SUM","*","PUN KWOK SHAN","Uncontested",TRUE,TRUE,0,2015
"R18","CHUI KA","1","WAI TAK LUN","1,029",FALSE,FALSE,1029,2015
"R18","CHUI KA","2","LEE KAM MING","1,068",FALSE,FALSE,1068,2015
"R18","CHUI KA","3","LI SAI HUNG","2,433*",FALSE,TRUE,2433,2015
"R19","TAI WAI","1","TUNG KIN LEI","3,649*",FALSE,TRUE,3649,2015
"R19","TAI WAI","2","LEUNG CHUN HIN","2,087",FALSE,FALSE,2087,2015
"R20","CHUNG TIN","1","WONG HOK LAI","1,631*",FALSE,TRUE,1631,2015
"R20","CHUNG TIN","2","LO YUET CHAU","662",FALSE,FALSE,662,2015
"R20","CHUNG TIN","3","TANG WING CHEONG","1,268",FALSE,FALSE,1268,2015
"R21","SUI WO","1","YAU CHI KIN","1,984",FALSE,FALSE,1984,2015
"R21","SUI WO","2","PANG CHEUNG WAI THOMAS","2,160*",FALSE,TRUE,2160,2015
"R21","SUI WO","3","LI SUI HA(LISA)","101",FALSE,FALSE,101,2015
"R22","FO TAN","1","PONG SCARLETT OI LAN","1,905*",FALSE,TRUE,1905,2015
"R22","FO TAN","2","CHAN MAN FAI","1,250",FALSE,FALSE,1250,2015
"R23","CHUN MA","1","HO WAI LOK(RONALD)","1,169",FALSE,FALSE,1169,2015
"R23","CHUN MA","2","SIU HIN HONG","1,658*",FALSE,TRUE,1658,2015
"R23","CHUN MA","3","CHENG WING CHUNG(PC)","148",FALSE,FALSE,148,2015
"R24","CHUNG ON","1","QUAT ELIZABETH(EQ)","2,376",FALSE,FALSE,2376,2015
"R24","CHUNG ON","2","YIP WING","2,506*",FALSE,TRUE,2506,2015
"R25","KAM TO","1","YEUNG MAN YUI(GARY)","2,455",FALSE,FALSE,2455,2015
"R25","KAM TO","2","CHAN KWOK KEUNG(JAMES)","2,592*",FALSE,TRUE,2592,2015
"R26","MA ON SHAN TOWN CENTRE","1","LEE CHI WING ALVIN","2,391*",FALSE,TRUE,2391,2015
"R26","MA ON SHAN TOWN CENTRE","2","MAN CHI WAI","1,106",FALSE,FALSE,1106,2015
"R27","LEE ON","1","MAK YUN PUI(CHRIS MAK)","3,938*",FALSE,TRUE,3938,2015
"R27","LEE ON","2","KONG CHEUK WAI","33",FALSE,FALSE,33,2015
"R27","LEE ON","3","LO TAI SUEN ADA","1,767",FALSE,FALSE,1767,2015
"R28","FU LUNG","1","TSANG SO LAI","3,027*",FALSE,TRUE,3027,2015
"R28","FU LUNG","2","LAW KWONG KEUNG(KK)","2,730",FALSE,FALSE,2730,2015
"R29","WU KAI SHA","1","LI WING SHING","1,567*",FALSE,TRUE,1567,2015
"R29","WU KAI SHA","2","SIO CHAN IN DEVIN","1,121",FALSE,FALSE,1121,2015
"R30","KAM YING","1","TONG PO CHUN","1,442",FALSE,FALSE,1442,2015
"R30","KAM YING","2","LI PO MUI","888",FALSE,FALSE,888,2015
"R30","KAM YING","3","TING TSZ YUEN","1,612*",FALSE,TRUE,1612,2015
"R30","KAM YING","4","LAW SIU CHUN","1,176",FALSE,FALSE,1176,2015
"R31","YIU ON","1","LI SAI WING","3,021*",FALSE,TRUE,3021,2015
"R31","YIU ON","2","CHEUNG PIK HA","2,071",FALSE,FALSE,2071,2015
"R32","HENG ON","1","LAM TAK WAI","2,706",FALSE,FALSE,2706,2015
"R32","HENG ON","2","CHENG TSUK MAN","3,740*",FALSE,TRUE,3740,2015
"R33","ON TAI","1","CHIU MAN LEONG","3,657*",FALSE,TRUE,3657,2015
"R33","ON TAI","2","YAU YUET WAH DONNA","2,647",FALSE,FALSE,2647,2015
"R34","TAI SHUI HANG","1","YUNG MING CHAU MICHAEL","2,964*",FALSE,TRUE,2964,2015
"R34","TAI SHUI HANG","2","CHEUNG CHI YIN","2,629",FALSE,FALSE,2629,2015
"R35","YU YAN","*","YIU KA CHUN","Uncontested",TRUE,TRUE,0,2015
"R36","BIK WOO","1","OWEN OI MING EMILY","1,490",FALSE,FALSE,1490,2015
"R36","BIK WOO","2","WONG PING FAN","2,352*",FALSE,TRUE,2352,2015
"R36","BIK WOO","3","LAU WAI LUN","1,151",FALSE,FALSE,1151,2015
"R37","KWONG HONG","1","CHOI CHUN CHIU PAUL","1,028",FALSE,FALSE,1028,2015
"R37","KWONG HONG","2","WONG FU SANG","2,034*",FALSE,TRUE,2034,2015
"R37","KWONG HONG","3","NG WAI LING","1,828",FALSE,FALSE,1828,2015
"R38","KWONG YUEN","1","CHAN MAN KUEN","2,525*",FALSE,TRUE,2525,2015
"R38","KWONG YUEN","2","SUNG TSZ MING","1,553",FALSE,FALSE,1553,2015
"S01","KWAI HING","1","LEUNG CHI SHING","2,931*",FALSE,TRUE,2931,2015
"S01","KWAI HING","2","LEUNG CHI HO","1,139",FALSE,FALSE,1139,2015
"S02","KWAI SHING EAST ESTATE","1","CHAN YUK LING","75",FALSE,FALSE,75,2015
"S02","KWAI SHING EAST ESTATE","2","MO SANG TUNG","1,833",FALSE,FALSE,1833,2015
"S02","KWAI SHING EAST ESTATE","3","LEUNG KWONG CHEONG","677",FALSE,FALSE,677,2015
"S02","KWAI SHING EAST ESTATE","4","CHOW WAI HUNG RAYMAN","3,212*",FALSE,TRUE,3212,2015
"S03","UPPER TAI WO HAU","1","LAU CHIN PANG","1,589",FALSE,FALSE,1589,2015
"S03","UPPER TAI WO HAU","2","HUI KEI CHEUNG","2,217*",FALSE,TRUE,2217,2015
"S04","LOWER TAI WO HAU","1","WONG BING KUEN","3,098*",FALSE,TRUE,3098,2015
"S04","LOWER TAI WO HAU","2","CHEUNG WAI MAN","1,369",FALSE,FALSE,1369,2015
"S05","KWAI CHUNG ESTATE NORTH","1","LEUNG KAM WAI","2,195*",FALSE,TRUE,2195,2015
"S05","KWAI CHUNG ESTATE NORTH","2","LEUNG KONG MING","1,617",FALSE,FALSE,1617,2015
"S06","KWAI CHUNG ESTATE SOUTH","1","LEE WANG FUNG","1,790",FALSE,FALSE,1790,2015
"S06","KWAI CHUNG ESTATE SOUTH","2","WONG YUN TAT","2,320*",FALSE,TRUE,2320,2015
"S07","SHEK YAM","1","LI SAI LUNG","2,907*",FALSE,TRUE,2907,2015
"S07","SHEK YAM","2","WAN SIU KIN ANDREW","2,853",FALSE,FALSE,2853,2015
"S08","ON YAM","1","LEUNG TSZ WING DENNIS","2,714*",FALSE,TRUE,2714,2015
"S08","ON YAM","2","LEUNG WING KUEN","1,831",FALSE,FALSE,1831,2015
"S09","SHEK LEI SOUTH","1","LEUNG KWOK WAH","2,974",FALSE,FALSE,2974,2015
"S09","SHEK LEI SOUTH","2","NG KA CHIU","3,141*",FALSE,TRUE,3141,2015
"S10","SHEK LEI NORTH","1","LAM SIU FAI","2,981*",FALSE,TRUE,2981,2015
"S10","SHEK LEI NORTH","2","CHEUNG IP MEI","1,459",FALSE,FALSE,1459,2015
"S11","TAI PAK TIN","1","KWOK FU YUNG","2,884*",FALSE,TRUE,2884,2015
"S11","TAI PAK TIN","2","TSUI SANG HUNG SAMMY","1,997",FALSE,FALSE,1997,2015
"S12","KWAI FONG","1","LEUNG YIU CHUNG","3,301*",FALSE,TRUE,3301,2015
"S12","KWAI FONG","2","CHAN MAN LUEN YING","1,624",FALSE,FALSE,1624,2015
"S13","WAH LAI","1","TAI PUI SHAN CHRISTABEL DONNA","263",FALSE,FALSE,263,2015
"S13","WAH LAI","2","YUEN KWOK KI","707",FALSE,FALSE,707,2015
"S13","WAH LAI","3","WONG YIU CHUNG","2,130*",FALSE,TRUE,2130,2015
"S14","LAI WAH","*","CHU LAI LING","Uncontested",TRUE,TRUE,0,2015
"S15","CHO YIU","1","PAU MING HONG","2,986*",FALSE,TRUE,2986,2015
"S15","CHO YIU","2","LO WAI LAN","580",FALSE,FALSE,580,2015
"S15","CHO YIU","3","CHAN TAK CHEUNG","1,230",FALSE,FALSE,1230,2015
"S16","HING FONG","1","LEUNG KAR MING","2,629",FALSE,FALSE,2629,2015
"S16","HING FONG","2","NG KIM SING","2,701*",FALSE,TRUE,2701,2015
"S17","LAI KING","*","CHOW YICK HAY","Uncontested",TRUE,TRUE,0,2015
"S18","KWAI SHING WEST ESTATE","1","LAU MEI LO","3,157*",FALSE,TRUE,3157,2015
"S18","KWAI SHING WEST ESTATE","2","LEUNG CHING SHAN","2,146",FALSE,FALSE,2146,2015
"S19","ON HO","1","TAM WAI CHUN","3,021*",FALSE,TRUE,3021,2015
"S19","ON HO","2","LAU SIU HANG","2,667",FALSE,FALSE,2667,2015
"S20","WAI YING","*","MAK MEI KUEN ALICE","Uncontested",TRUE,TRUE,0,2015
"S21","TSING YI ESTATE","1","CHENG HIU LING(ELAINE)","1,311",FALSE,FALSE,1311,2015
"S21","TSING YI ESTATE","2","CHIU CHIT UE(UNY)","655",FALSE,FALSE,655,2015
"S21","TSING YI ESTATE","3","YU LAP ON","54",FALSE,FALSE,54,2015
"S21","TSING YI ESTATE","4","CHAN SIU MAN SIMON","2,419*",FALSE,TRUE,2419,2015
"S22","GREENFIELD","1","CHEUNG WAI CHING CLARICE","3,467*",FALSE,TRUE,3467,2015
"S22","GREENFIELD","2","POON SIU PING NANCY","578",FALSE,FALSE,578,2015
"S23","CHEUNG CHING","1","LEE CHI KEUNG ALAN","3,223*",FALSE,TRUE,3223,2015
"S23","CHEUNG CHING","2","WONG KWONG MO","1,273",FALSE,FALSE,1273,2015
"S24","CHEUNG HONG","*","TSUI HIU KIT","Uncontested",TRUE,TRUE,0,2015
"S25","SHING HONG","1","FU MOON FONG FERDINAND","990",FALSE,FALSE,990,2015
"S25","SHING HONG","2","LEUNG WAI MAN","2,345*",FALSE,TRUE,2345,2015
"S26","TSING YI SOUTH","1","IP YAM SHEK JOHNATHAN","1,654",FALSE,FALSE,1654,2015
"S26","TSING YI SOUTH","2","POON CHI SHING","3,214*",FALSE,TRUE,3214,2015
"S27","CHEUNG HANG","1","LUI KO WAI","165",FALSE,FALSE,165,2015
"S27","CHEUNG HANG","2","LAM LAP CHI","1,838",FALSE,FALSE,1838,2015
"S27","CHEUNG HANG","3","LO YUEN TING","2,814*",FALSE,TRUE,2814,2015
"S27","CHEUNG HANG","4","HA LUNG WAN","168",FALSE,FALSE,168,2015
"S28","CHING FAT","1","WONG KIN LONG","233",FALSE,FALSE,233,2015
"S28","CHING FAT","2","LAU CHI KIT","2,283",FALSE,FALSE,2283,2015
"S28","CHING FAT","3","LEE HON SAM","282",FALSE,FALSE,282,2015
"S28","CHING FAT","4","LAM CHUI LING NANCY","2,648*",FALSE,TRUE,2648,2015
"S29","CHEUNG ON","1","LAW KING SHING","2,359*",FALSE,TRUE,2359,2015
"S29","CHEUNG ON","2","WONG CHUN KIT","1,467",FALSE,FALSE,1467,2015
"S29","CHEUNG ON","3","HO CHI WAI","554",FALSE,FALSE,554,2015
"T01","LANTAU","1","YU HON KWAN(RANDY)","1,895*",FALSE,TRUE,1895,2015
"T01","LANTAU","2","LAU KING CHEUNG","653",FALSE,FALSE,653,2015
"T01","LANTAU","3","YUEN YUK WAH","727",FALSE,FALSE,727,2015
"T01","LANTAU","4","TAM SAU NGOR","486",FALSE,FALSE,486,2015
"T02","YAT TUNG ESTATE NORTH","1","LEUNG HON WAI(JIMMY)","900",FALSE,FALSE,900,2015
"T02","YAT TUNG ESTATE NORTH","2","TANG KA PIU","3,061*",FALSE,TRUE,3061,2015
"T03","YAT TUNG ESTATE SOUTH","1","LO KWONG SHING ANDY","2,001",FALSE,FALSE,2001,2015
"T03","YAT TUNG ESTATE SOUTH","2","KWOK PING","2,469*",FALSE,TRUE,2469,2015
"T04","TUNG CHUNG NORTH","1","FU HIU LAM SAMMI","1,929*",FALSE,TRUE,1929,2015
"T04","TUNG CHUNG NORTH","2","YU CHUN CHEUNG PETER","1,897",FALSE,FALSE,1897,2015
"T05","TUNG CHUNG SOUTH","1","WONG CHUN YEUNG","1,917",FALSE,FALSE,1917,2015
"T05","TUNG CHUNG SOUTH","2","CHOW HO DING HOLDEN","2,161*",FALSE,TRUE,2161,2015
"T06","DISCOVERY BAY","1","CHIU TAK WAI(FRANCIS)","860",FALSE,FALSE,860,2015
"T06","DISCOVERY BAY","2","YUNG WING SHEUNG AMY(AMY YUNG)","1,176*",FALSE,TRUE,1176,2015
"T06","DISCOVERY BAY","3","HU ZILIANG(JIMMY)","113",FALSE,FALSE,113,2015
"T07","PENG CHAU & HEI LING CHAU","*","TSANG SAU HO JOSEPHINE","Uncontested",TRUE,TRUE,0,2015
"T08","LAMMA & PO TOI","*","YU LAI FAN","Uncontested",TRUE,TRUE,0,2015
"T09","CHEUNG CHAU SOUTH","1","LAM KIT SING","460",FALSE,FALSE,460,2015
"T09","CHEUNG CHAU SOUTH","2","LEUNG KWOK HO","838",FALSE,FALSE,838,2015
"T09","CHEUNG CHAU SOUTH","3","KWONG KOON WAN","1,487*",FALSE,TRUE,1487,2015
"T10","CHEUNG CHAU NORTH","1","LEE KWAI CHUN","1,681*",FALSE,TRUE,1681,2015
"T10","CHEUNG CHAU NORTH","2","KWONG WAI KUEN","480",FALSE,FALSE,480,2015
