"ConstituencyCode","Constituency","Nominate","NominateAlias","Gender","Occupation","Politics","NominateDate","Remarks","Candidate"
"A01","¤¤Àô","¼B±LªY","","¤k","¤úÂå","¿W¥ß","2015¦~10¤ë2¤é","","¼B±LªY"
"A01","¤¤Àô","³\´¼<U+5CEF>","","¨k","°ÏÄ³­û","¥Á¥DÄÒ","2015¦~10¤ë8¤é","","³\´¼<U+5CEF>"
"A01","¤¤Àô","§E«Ø½÷","","¨k","","","2015¦~10¤ë14¤é","2015¦~10¤ë15¤é°h¿ï","§E«Ø½÷"
"A02","¥b¤sªF","±iÁl¶¯","","¨k","«ß®v","¿W¥ß­Ô¿ï¤H","2015¦~10¤ë7¤é","","±iÁl¶¯"
"A02","¥b¤sªF","§d¥ü±d","","¨k","¥­­±³]­p®v","¥Á¥DÄÒ","2015¦~10¤ë9¤é","","§d¥ü±d"
"A03","<U+885E>«°","§dÀs­¸","","¨k","*»È¦æ¸g²z","¦Û¥ÑÄÒ","2015¦~10¤ë6¤é","","§dÀs­¸"
"A03","<U+885E>«°","¾GÄR<U+743C>","","¤k","¤¤¦è°Ï°ÏÄ³­û/µù¥UªÀ·|¤u§@ªÌ","¥Á¥DÄÒ","2015¦~10¤ë10¤é","","¾GÄR<U+743C>"
"A04","¤s³»","³¯¯E¾ü","","¨k","»È¦æ¸³¨ÆÁ`¸g²z","¦Û¥ÑÄÒ","2015¦~10¤ë6¤é","","³¯¯E¾ü"
"A04","¤s³»","³¯¾ðº¡","","¨k","¥ø·~ºÞªv¥DºÞ","¿W¥ß­Ô¿ï¤H","2015¦~10¤ë9¤é","","³¯¾ðº¡"
"A05","¤j¾Ç","³¯<U+3A17>¶Q","","¨k","¾Ç¥Í±JªÙ¸g²z","¿W¥ß­Ô¿ï¤H","2015¦~10¤ë7¤é","","³¯<U+3A17>¶Q"
"A05","¤j¾Ç","¼B°¶¼w","","¨k","¤½¥qªF¥D","¿W¥ß­Ô¿ï¤H","2015¦~10¤ë12¤é","","¼B°¶¼w"
"A06","°í¼¯","³¯¾Ç¾W","","¨k","¥ßªk·|Ä³­û§U²z","¥Á«ØÁp","2015¦~10¤ë2¤é","","³¯¾Ç¾W"
"A06","°í¼¯","ËÎ¨ô´P","","¨k","ªÀ°Ï¥D¥ô","¥Á¥DÄÒ","2015¦~10¤ë9¤é","","ËÎ¨ô´P"
"A06","°í¼¯","©P¥@³Ç","","¨k","ªÀ°Ï¥D¥ô","«C¦~·s¬F","2015¦~10¤ë14¤é","","©P¥@³Ç"
"A07","Æ[Às","·¨¶}¥Ã","","¨k","*ªÀ°Ï¥D¥ô","¥Á«ØÁp","2015¦~10¤ë2¤é","","·¨¶}¥Ã"
"A07","Æ[Às","±ç¹|«í","","¨k","¹q¤l°Ó¶T¸g²z","«C¦~·s¬F","2015¦~10¤ë12¤é","","±ç¹|«í"
"A08","¦èÀô","±i°ê¶v","","¨k","«ß®v","¥Á«ØÁp","2015¦~10¤ë2¤é","","±i°ê¶v"
"A08","¦èÀô","²øºa½÷","","¨k","±Ð¨|¤¤¤ß®ÕºÊ","¥Á¥DÄÒ","2015¦~10¤ë7¤é","","²øºa½÷"
"A09","Ä_»A","¸­¥Ã¦¨","","¨k","¦æ¬F¤H­û","","2015¦~10¤ë2¤é","","¸­¥Ã¦¨"
"A09","Ä_»A","·¨¯EµM","","¨k","«ß®v","¥Á¥DÄÒ","2015¦~10¤ë5¤é","","·¨¯EµM"
"A10","¥Û¶í©C","³¯°]³ß","","¨k","","","2015¦~10¤ë3¤é","","³¯°]³ß"
"A10","¥Û¶í©C","¸­ÀAÀs","","¨k","¤å³Ð¬¡°Êµ¦¹º","","2015¦~10¤ë5¤é","","¸­ÀAÀs"
"A11","¦èÀç½L","¿cÅt§ö","","¤k","«ß®v","¥Á«ØÁp","2015¦~10¤ë2¤é","","¿cÅt§ö"
"A11","¦èÀç½L","¥î¥Ã¼w","","¨k","¼p®v","","2015¦~10¤ë6¤é","","¥î¥Ã¼w"
"A12","¤WÀô","§fÂE»«","","¨k","µù¥UªÀ¤u","¿W¥ß­Ô¿ï¤H","2015¦~10¤ë2¤é","","§fÂE»«"
"A12","¤WÀô","¥Ì¤D«Â","","¨k","µù¥UªÀ·|¤u§@ªÌ/¤¤¦è°Ï°ÏÄ³­û","¥Á¥DÄÒ","2015¦~10¤ë2¤é","","¥Ì¤D«Â"
"A13","ªFµØ","¿½¹Å©É","","¤k","ªÀ°Ï¥D¥ô","¥Á«ØÁp","2015¦~10¤ë2¤é","","¿½¹Å©É"
"A13","ªFµØ","¦ó«TÄQ","","¨k","«ß®v","¥Á¥DÄÒ","2015¦~10¤ë2¤é","","¦ó«TÄQ"
"A14","¥¿µó","±i±Ò©ý","","¤k","¥ßªk·|Ä³­û§U²z","¥Á¥DÄÒ","2015¦~10¤ë5¤é","","±i±Ò©ý"
"A14","¥¿µó","§õ§ÓùÚ","","¨k","°õ·~«ß®v","","2015¦~10¤ë7¤é","","§õ§ÓùÚ"
"A15","¤ôµó","·¨¾Ç©ú","","¨k","*ªÀ°Ï¥D¥ô","¥Á«ØÁp","2015¦~10¤ë2¤é","","·¨¾Ç©ú"
"A15","¤ôµó","¥î³ÍªY","","¤k","°ª¯ÅªÀ°Ïµo®i¥D¥ô","¥Á¥DÄÒ","2015¦~10¤ë5¤é","","¥î³ÍªY"
"A15","¤ôµó","§õ±R«Â","","¨k","","","2015¦~10¤ë15¤é","","§õ±R«Â"
"B01","°a¥§¸Ö","±i°Ò²ú","","¤k","§U²z¸g²z","*¿W¥ß","2015¦~10¤ë3¤é","","±i°Ò²ú"
"B01","°a¥§¸Ö","¾G¨ä«Ø","","¨k","°ÏÄ³­û","","2015¦~10¤ë5¤é","","¾G¨ä«Ø"
"B02","·R¸s","¾Gµ^²W","","¤k","°ÏÄ³­û/¦Û¥Ñ¼¶½Z¤H","¥Á«ØÁp","2015¦~10¤ë2¤é","","¾Gµ^²W"
"B02","·R¸s","<U+9EC4>·çÀs","","¨k","µû½×¤H/¦a°Ï¥D¥ô","¿W¥ß­Ô¿ï¤H","2015¦~10¤ë10¤é","","<U+9EC4>·çÀs"
"B03","ÃZÀV","Áé¹Å±Ó","","¤k","¤¤¤ß¥D¥ô","¥Á«ØÁp","2015¦~10¤ë2¤é","","Áé¹Å±Ó"
"B03","ÃZÀV","¦óµú¹Å","","¤k","","","2015¦~10¤ë15¤é","","¦óµú¹Å"
"B03","ÃZÀV","À¹¨ô½å","","¨k","¤å¤Æ±À¼s","¿W¥ß","2015¦~10¤ë15¤é","","À¹¨ô½å"
"B04","ºû¶é","©P¼ä¦B","","¤k","¥þÂ¾°ÏÄ³­û","¥Á¥D«Ø´ä¨ó¶iÁp·ù","2015¦~10¤ë2¤é","","©P¼ä¦B"
"B05","¤Ñ¦Z","§õ¤åÀs","","¨k","¥þÂ¾°ÏÄ³­û","·s¥ÁÄÒ","2015¦~10¤ë3¤é","","§õ¤åÀs"
"B05","¤Ñ¦Z","³¯«Ø°ê","","¨k","µù¥U±Ð®v(°h¥ð)","¥Á¥DÄÒ","2015¦~10¤ë5¤é","","³¯«Ø°ê"
"B06","»ÉÆrÆW","¥î°û´@","","¤k","¹q¤l°Ó°ÈÁ`ºÊ","*¿W¥ß","2015¦~10¤ë12¤é","","¥î°û´@"
"B07","¤j§|","¤ý¬FªÛ","","¤k","§U²zÁ`¸g²z","·s¥ÁÄÒ","2015¦~10¤ë3¤é","","¤ý¬FªÛ"
"B07","¤j§|","·¨³·¬Õ","","¤k","¤j±M­Ý¥ôÁ¿®v","¿W¥ß­Ô¿ï¤H","2015¦~10¤ë9¤é","","·¨³·¬Õ"
"B08","´í¨l¤s","ªL°¶¤å","","¨k","¤½¥q¸³¨Æ","¦Û¥ÑÄÒ","2015¦~10¤ë6¤é","","ªL°¶¤å"
"B08","´í¨l¤s","¾¤¤j°¶","","¨k","*§ë¸ê±M®a","","2015¦~10¤ë12¤é","","¾¤¤j°¶"
"B09","¼Ö¬¡","¿½«ä¦¿","","¨k","¨Æ°È«ß®v","*¿W¥ß","2015¦~10¤ë8¤é","","¿½«ä¦¿"
"B09","¼Ö¬¡","³Á°ê­·","","¨k","¥þÂ¾ªÀ·|ªA°È¸q¤u","ªÀ·|¥Á¥D³s½u","2015¦~10¤ë13¤é","","³Á°ê­·"
"B09","¼Ö¬¡","ÁÂ°¶«T","","¨k","«ß®v","¿W¥ß","2015¦~10¤ë14¤é","","ÁÂ°¶«T"
"B10","¶]°¨¦a","§dÀA¬z","","¨k","¦æ¬F¸³¨Æ","¿W¥ß","2015¦~10¤ë2¤é","","§dÀA¬z"
"B10","¶]°¨¦a","¿ú®a©M","","¨k","*«OÀI·~¹q¸£±q·~­û","","2015¦~10¤ë12¤é","","¿ú®a©M"
"B11","¥q®{©Þ¹D","°ÏÄR²ø","","¤k","ª÷¿Ä±q·~­û","","2015¦~10¤ë5¤é","","°ÏÄR²ø"
"B11","¥q®{©Þ¹D","¶À§»®õ","","¨k","°õ·~·|­p®v","","2015¦~10¤ë8¤é","","¶À§»®õ"
"B12","­×¹y","§õºÑ»ö","","¤k","°ÏÄ³­û","¿W¥ß¤H¤h","2015¦~10¤ë10¤é","","§õºÑ»ö"
"B12","­×¹y","·¨¥®®p","","¤k","¦¨¦ç±ÄÁÊ","","2015¦~10¤ë15¤é","","·¨¥®®p"
"B13","¤j¦ò¤f","§õ§¡À[","","¤k","°ÏÄ³­û","¥Á¥D«Ø´ä¨ó¶iÁp·ù","2015¦~10¤ë2¤é","","§õ§¡À["
"B13","¤j¦ò¤f","±ç¬f°í","","¨k","±M·~Äá¼v®v","","2015¦~10¤ë5¤é","","±ç¬f°í"
"* ¦]À³­Ô¿ï¤Hªº­n¨D¡A³o¶µ¸ê®Æ¤w³Q§ó§ï/§R°£","","","","","","","","",""
"C01","¤Ó¥j«°¦è","»¯®a½å","","¨k","²{¥ô°ÏÄ³­û/»{¥i½Õ¸Ñ­û/³Õ¤h¥Í","¥Á¥DÄÒ","2015¦~10¤ë2¤é","","»¯®a½å"
"C01","¤Ó¥j«°¦è","§d§Ó¶©","","¨k","¶Ç´C¤u§@ªÌ","","2015¦~10¤ë7¤é","","§d§Ó¶©"
"C02","¤Ó¥j«°ªF","ÁÂ¤l¸R","","¨k","°ÏÄ³­û","·s¥ÁÄÒ","2015¦~10¤ë2¤é","","ÁÂ¤l¸R"
"C02","¤Ó¥j«°ªF","¤ý®¶¬P","","¨k","¤g¤ì¤uµ{®v","¿W¥ßµLÄÒ¬£","2015¦~10¤ë5¤é","","¤ý®¶¬P"
"C03","ÃU´ºÆW","·¨´µµ¤","","¨k","*°ª¯Å¸g²z/¹q¥x°]¸g¸`¥Ø¥D«ù","*¿W¥ß","2015¦~10¤ë2¤é","","·¨´µµ¤"
"C03","ÃU´ºÆW","¤ý¾Ç¤µ","","¨k","«ß®v","¤uÄÒ","2015¦~10¤ë5¤é","","¤ý¾Ç¤µ"
"C03","ÃU´ºÆW","³Å¤¸³¹","","¨k","«OÀI","µLÄÒ¬£­Ô¿ï¤H","2015¦~10¤ë13¤é","","³Å¤¸³¹"
"C03","ÃU´ºÆW","¦ó¶W¥ú","","¨k","°h¥ð","","2015¦~10¤ë15¤é","","¦ó¶W¥ú"
"C04","·R¯´§ÇÆW","ÃC´L·G","","¨k","®È¦æªÀ°ª¯Å¦æ¬FºÞ²z¤H­û","¥Á¥D«Ø´ä¨ó¶iÁp·ù","2015¦~10¤ë2¤é","","ÃC´L·G"
"C04","·R¯´§ÇÆW","³¯¹Å<U+6822>","","¨k","ªÀ°Ï¥D¥ô","¥Á¥DÄÒ","2015¦~10¤ë2¤é","","³¯¹Å<U+6822>"
"C05","ßKºßÆW","ªL¤ß<U+4EB7>","","¨k","","¥Á¥D«Ø´ä¨ó¶iÁp·ù","2015¦~10¤ë2¤é","","ªL¤ß<U+4EB7>"
"C05","ßKºßÆW","¼ïµú§°","","¤k","","","2015¦~10¤ë14¤é","","¼ïµú§°"
"C05","ßKºßÆW","±çµú¸Ö","","¤k","¤¤¾Ç±Ð®v","","2015¦~10¤ë14¤é","","±çµú¸Ö"
"C06","ªü¤½©¥","§ù¥»¤å","","¨k","³]­p®v¦æ¬F¸g²z","","2015¦~10¤ë6¤é","","§ù¥»¤å"
"C06","ªü¤½©¥","ªL¨äªF","","¨k","¸³¨Æ","","2015¦~10¤ë8¤é","","ªL¨äªF"
"C06","ªü¤½©¥","¬x§Ó³Ç","","¨k","¤¤¾Ç±Ð®v","¥Á¥D«Ø´ä¨ó¶iÁp·ù","2015¦~10¤ë9¤é","","¬x§Ó³Ç"
"C07","§öªá<U+90A8>","¦ó¼Ý²h","","¨k","¥Á¿ï°ÏÄ³­û","­»´ä¤u·|Áp¦X·|","2015¦~10¤ë2¤é","","¦ó¼Ý²h"
"C07","§öªá<U+90A8>","·¨°¶±d","","¨k","±Ð¨|¤ÎªÀ·|ªA°È","¿W¥ß","2015¦~10¤ë13¤é","","·¨°¶±d"
"C07","§öªá<U+90A8>","©Pµú»ö","","¤k","ªÀ°Ï¥D¥ô","¿W¥ßµLÄÒ¬£","2015¦~10¤ë14¤é","","©Pµú»ö"
"C08","»AÆW","Ãö·çÀs","","¨k","*¥þÂ¾°ÏÄ³­û","*¥Á¥D«Ø´ä¨ó¶iÁp·ù","2015¦~10¤ë2¤é","","Ãö·çÀs"
"C08","»AÆW","¾¤±ç¯º¸s","","¤k","ªÀ°Ï¤u§@ªÌ","¿W¥ß­Ô¿ï¤H","2015¦~10¤ë8¤é","","¾¤±ç¯º¸s"
"C08","»AÆW","¥j®ÛÄ£","","¨k","¤j·H¤uµ{«O¾i­û","¿W¥ß","2015¦~10¤ë12¤é","","¥j®ÛÄ£"
"C08","»AÆW","¤¨±ê²l","","¨k","","","2015¦~10¤ë14¤é","","¤¨±ê²l"
"C09","ªYÂÅ","¶À°·¿³","","¨k","ª÷¿Ä","","2015¦~10¤ë3¤é","","¶À°·¿³"
"C10","¤p¦èÆW","¤ý°ê¿³","","¨k","¥ßªk·|Ä³­û","­»´ä¤u·|Áp¦X·|(¤uÁp·|)","2015¦~10¤ë2¤é","","¤ý°ê¿³"
"C10","¤p¦èÆW","¦¶¤é¦w","","¨k","°Ó¤H","","2015¦~10¤ë7¤é","","¦¶¤é¦w"
"C10","¤p¦èÆW","ÃÓ±o§Ó","§Ö¥²","¨k","ªÀ°Ï¥D¥ô","¤H¥Á¤O¶q","2015¦~10¤ë14¤é","","ÃÓ±o§Ó(§Ö¥²)"
"C11","´º©É","±ç°êÂE","","¨k","°ÏÄ³­û","­»´ä¤u·|Áp¦X·|","2015¦~10¤ë2¤é","","±ç°êÂE"
"C11","´º©É","·¨º~¦¨","","¨k","¤½¥q¸³¨Æ","¿W¥ß­Ô¿ï¤H","2015¦~10¤ë5¤é","","·¨º~¦¨"
"C11","´º©É","¶À¸s®p","","¨k","","¿W¥ß­Ô¿ï¤H","2015¦~10¤ë12¤é","","¶À¸s®p"
"C11","´º©É","³¯Ä£¼w","","¨k","¦Ñ®v(°h¥ð)","¿W¥ß","2015¦~10¤ë15¤é","","³¯Ä£¼w"
"C12","Àô»A","ÅÇ<U+6822>²»","","¨k","","¥Á¥D«Ø´ä¨ó¶iÁp·ù","2015¦~10¤ë2¤é","","ÅÇ<U+6822>²»"
"C12","Àô»A","§d«Û±j","","¨k","±MÂ¾¦a°Ïµo®i¥D¥ô","¤½¥ÁÄÒ","2015¦~10¤ë5¤é","","§d«Û±j"
"C13","»B»A","§õ²ú","","¤k","¤½¥q¸³¨Æ","*¿W¥ßµLÄÒ¬£","2015¦~10¤ë2¤é","","§õ²ú"
"C13","»B»A","¾¤§Ó±j","","¨k","¥þÂ¾°ÏÄ³­û","¤½¥ÁÄÒ","2015¦~10¤ë5¤é","","¾¤§Ó±j"
"C13","»B»A","§f§Ó¤å","","¨k","¨t²Î¤uµ{","¿W¥ß¥Á¥D¬£","2015¦~10¤ë13¤é","","§f§Ó¤å"
"C14","¬f¬[¤s","¶À«Ø±l","","¨k","¥þÂ¾°ÏÄ³­û","¥Á¥D«Ø´ä¨ó¶iÁp·ù","2015¦~10¤ë2¤é","","¶À«Ø±l"
"C15","Ä_°¨¤s","ªò®a½÷","","¨k","*¤½¥q¸³¨Æ","¦Û¥ÑÄÒ","2015¦~10¤ë2¤é","","ªò®a½÷"
"C16","¬¶¥x¤s","Ã¹ºaµO","Ã¹¤s","¨k","¹qµøº·¹õ«Å¶Ç³ø¹õ­û","","2015¦~10¤ë7¤é","","Ã¹ºaµO(Ã¹¤s)"
"C17","«°¥«ªá¶é","³\²M¦w","","¨k","ªk«ß¤Î°]°ÈÅU°Ý","","2015¦~10¤ë2¤é","","³\²M¦w"
"C18","©M´I","³¢°¶<U+5F3A>","","¨k","¥þÂ¾Ä³­û","­»´ä¤u·|Áp¦X·|","2015¦~10¤ë2¤é","","³¢°¶<U+5F3A>"
"C19","³ùÂS","¬x³s§ü","","¨k","¤¤¾Ç±Ð®v","¥Á¥D«Ø´ä¨ó¶iÁp·ù","2015¦~10¤ë2¤é","","¬x³s§ü"
"C20","ÀA«Ì","½²¯À¥É","","¤k","°Ó¤H","¥Á¥D«Ø´ä¨ó¶iÁp·ù","2015¦~10¤ë9¤é","","½²¯À¥É"
"C21","¤¦®³","´¿¨ô¨à","","¤k","¤½¥q¸³¨Æ","¦Û¥ÑÄÒ","2015¦~10¤ë2¤é","","´¿¨ô¨à"
"C21","¤¦®³","¾G¹FÂE","","¨k","¦a°Ïµo®i¥D¥ô","¤½¥ÁÄÒ","2015¦~10¤ë5¤é","","¾G¹FÂE"
"C22","°·±d§ø","¾G§Ó¦¨","","¨k","¥þÂ¾°ÏÄ³­û","¥Á¥D«Ø´ä¨ó¶iÁp·ù","2015¦~10¤ë2¤é","","¾G§Ó¦¨"
"C23","<U+9C02>³½¯F","¤B¦¿¯E","","¨k","¤¤¾Ç±Ð®v","¥Á¥D«Ø´ä¨ó¶iÁp·ù","2015¦~10¤ë2¤é","","¤B¦¿¯E"
"C23","<U+9C02>³½¯F","¸­´¼¼w","","¨k","±Ð®v","","2015¦~10¤ë14¤é","","¸­´¼¼w"
"C24","«nÂ×","±i°ê©÷","","¨k","¥þÂ¾°ÏÄ³­û","¥Á¥DÄÒ","2015¦~10¤ë2¤é","","±i°ê©÷"
"C24","«nÂ×","·¨Àq","","¨k","°ÏÄ³­û/Âå¾Ç±Ð±Â","","2015¦~10¤ë7¤é","","·¨Àq"
"C24","«nÂ×","§õ¿A²`","","¨k","","","2015¦~10¤ë8¤é","","§õ¿A²`"
"C25","±d©É","¬xÀs¯þ","","¨k","","·s¥ÁÄÒ","2015¦~10¤ë2¤é","","¬xÀs¯þ"
"C25","±d©É","±ç¿o±Ó","","¤k","°ª¯Å¬Fªv¬ã¨s¤Î¦a°Ï²ÎÄw·F¨Æ","¤½¥ÁÄÒ","2015¦~10¤ë5¤é","","±ç¿o±Ó"
"C25","±d©É","¶ÀÄ_¨à","","¤k","","","2015¦~10¤ë12¤é","","¶ÀÄ_¨à"
"C26","±d¤s","¦¿¥ÉÅw","","¤k","«ß®v","·s¥ÁÄÒ","2015¦~10¤ë2¤é","","¦¿¥ÉÅw"
"C26","±d¤s","±ç¥ü·s","","¨k","¥«³õ¬ã¨sÁ`ºÊ","¤½¥ÁÄÒ","2015¦~10¤ë5¤é","","±ç¥ü·s"
"C27","¿³ªF","³\ªL¼y","","¨k","¥Á¿ï°ÏÄ³­û","­»´ä¤u·|Áp¦X·|","2015¦~10¤ë2¤é","","³\ªL¼y"
"C27","¿³ªF","´¿°ê½÷","","¨k","ªÀ°Ï·F¨Æ","¤uÄÒ","2015¦~10¤ë5¤é","","´¿°ê½÷"
"C28","¦èÆWªe","¦¿¿AÀÚ","","¨k","°ÏÄ³­û","¿W¥ßµLÄÒ¬£","2015¦~10¤ë2¤é","","¦¿¿AÀÚ"
"C28","¦èÆWªe","³Á¼w¥¿","","¨k","ªÀ°Ï·F¨Æ","¤uÄÒ","2015¦~10¤ë5¤é","","³Á¼w¥¿"
"C29","¤UÄ£ªF","¤ý¸Ö®i","","¨k","¸g²z","","2015¦~10¤ë2¤é","","¤ý¸Ö®i"
"C29","¤UÄ£ªF","¤ý§ÓÁé","","¨k","¦æ¬F","¥Á¥D«Ø´ä¨ó¶iÁp·ù","2015¦~10¤ë2¤é","","¤ý§ÓÁé"
"C29","¤UÄ£ªF","§dÀA°¶","","¨k","¿ïÁ|¤uµ{ÅU°Ý","¿W¥ß¥Á¥D¬£","2015¦~10¤ë8¤é","","§dÀA°¶"
"C30","¤WÄ£ªF","»¯¸ê±j","","¨k","¥Á¿ï°ÏÄ³­û","­»´ä¤u·|Áp¦X·|","2015¦~10¤ë2¤é","","»¯¸ê±j"
"C31","¿³¥Á","¼B¼y´­","","¨k","°ÏÄ³­û","¥Á¥D«Ø´ä¨ó¶iÁp·ù","2015¦~10¤ë2¤é","","¼B¼y´­"
"C31","¿³¥Á","±iÂ@¨¹","","¨k","ªÀ¤u","","2015¦~10¤ë9¤é","","±iÂ@¨¹"
"C32","¼Ö±d","§õ¶i¬î","","¤k","°ÏÄ³­û","","2015¦~10¤ë3¤é","","§õ¶i¬î"
"C32","¼Ö±d","´¿°·¦¨","ªü¤û","¨k","ªÀ°Ï·F¨Æ","ªÀ·|¥Á¥D³s½u","2015¦~10¤ë8¤é","","´¿°·¦¨(ªü¤û)"
"C32","¼Ö±d","­Û¤å³Ç","","¨k","","","2015¦~10¤ë15¤é","","­Û¤å³Ç"
"C33","»A¼w","§õÂí±j","","¨k","¸g²z","¦Û¥ÑÄÒ","2015¦~10¤ë2¤é","","§õÂí±j"
"C33","»A¼w","§õ°·«í","","¨k","·|­p®v","","2015¦~10¤ë14¤é","","§õ°·«í"
"C34","º®ÆW","Áé¾ð®Ú","","¨k","¥þÂ¾Ä³­û","¥Á¥D«Ø´ä¨ó¶iÁp·ù","2015¦~10¤ë13¤é","","Áé¾ð®Ú"
"C34","º®ÆW","®}¤l¨£","","¨k","¤p¥ø·~¸gÀçªÌ","¿W¥ß","2015¦~10¤ë15¤é","","®}¤l¨£"
"C35","¨Î¾å","ªL»A½¬","","¤k","¥þÂ¾°ÏÄ³­û","","2015¦~10¤ë2¤é","","ªL»A½¬"
"C35","¨Î¾å","´Ó¼ä¹a","","¤k","¥ßªk·|Ä³­û§U²z","¿W¥ß","2015¦~10¤ë9¤é","","´Ó¼ä¹a"
"D01","­»´ä¥J","¥ô¸¶µY","","¤k","¤½¥q¸³¨Æ","¿W¥ß­Ô¿ï¤H","2015¦~10¤ë2¤é","","¥ô¸¶µY"
"D01","­»´ä¥J","¤å»¨±j","","¨k","","¤½¥ÁÄÒ","2015¦~10¤ë7¤é","","¤å»¨±j"
"D01","­»´ä¥J","¦ó°¶«T","","¨k","¬Fµ¦¬ã¨s","*¿W¥ß­Ô¿ï¤H","2015¦~10¤ë9¤é","","¦ó°¶«T"
"D01","­»´ä¥J","§õ³Ç¿³","","¨k","°ª¯Å²z°]µ¦¹ºÅU°Ý","","2015¦~10¤ë9¤é","","§õ³Ç¿³"
"D02","Àn<U+8137>¬w<U+90A8>","ªL¥É¬Ã","","¤k","¥þÂ¾«n°Ï°ÏÄ³­û","¿W¥ß­Ô¿ï¤H","2015¦~10¤ë2¤é","","ªL¥É¬Ã"
"D03","Àn<U+8137>¬w¥_","±i¿ü®e","","¤k","¥þÂ¾°ÏÄ³­û","¿W¥ß­Ô¿ï¤H","2015¦~10¤ë2¤é","","±i¿ü®e"
"D03","Àn<U+8137>¬w¥_","±ç°ê±j","","¨k","¤½¥q¸³¨Æ","","2015¦~10¤ë15¤é","","±ç°ê±j"
"D04","§QªF¤@","§õ¹Å¬Õ","","¤k","","¥Á«ØÁp","2015¦~10¤ë2¤é","","§õ¹Å¬Õ"
"D04","§QªF¤@","°Ï¿Õ°a","","¨k","¥þÂ¾°ÏÄ³­û","¥Á¥DÄÒ/Àn<U+8137>¬wªÀ°ÏÂ¾¤u·|","2015¦~10¤ë2¤é","","°Ï¿Õ°a"
"D04","§QªF¤@","¶À¼í°ò","","¨k","","¼ö¦å¤½¥Á","2015¦~10¤ë12¤é","","¶À¼í°ò"
"D05","§QªF¤G","´^¥ü°ò","","¨k","","¥Á«ØÁp","2015¦~10¤ë2¤é","","´^¥ü°ò"
"D05","§QªF¤G","Ã¹°·º³","","¨k","¥þÂ¾°ÏÄ³­û","¥Á¥DÄÒ","2015¦~10¤ë2¤é","","Ã¹°·º³"
"D05","§QªF¤G","¾H¹Å¼Ö","","¨k","¼Æ½X¦L¨ê","","2015¦~10¤ë12¤é","","¾H¹Å¼Ö"
"D05","§QªF¤G","½²¤åÀs","","¨k","","*¼ö¦å¤½¥Á","2015¦~10¤ë12¤é","","½²¤åÀs"
"D06","®ü©ÉªF","ªL±Ò·u","","¨k","µ¦¹ºÅU°Ý","¿W¥ß­Ô¿ï¤H","2015¦~10¤ë7¤é","","ªL±Ò·u"
"D06","®ü©ÉªF","³¯®a¬¥","","¨k","°Æ±Ð±Â/¥ßªk·|Ä³­û","¤½¥ÁÄÒ","2015¦~10¤ë7¤é","","³¯®a¬¥"
"D06","®ü©ÉªF","°Ï¤¸µo","","¨k","¥b°h¥ð","","2015¦~10¤ë9¤é","","°Ï¤¸µo"
"D07","®ü©É¦è","³¯®a¯\","","¤k","¥þÂ¾°ÏÄ³­û","·s¥ÁÄÒ","2015¦~10¤ë3¤é","","³¯®a¯\"
"D07","®ü©É¦è","°KÀ±©ú","","¤k","¤½¥q¸³¨Æ","¤H¥Á¤O¶q","2015¦~10¤ë14¤é","","°KÀ±©ú"
"D08","µØ¶Q","³ÁÁÂ¥©¬Â","","¤k","®Õªø","¥Á«ØÁp","2015¦~10¤ë2¤é","","³ÁÁÂ¥©¬Â"
"D08","µØ¶Q","·¨¤p¾À","","¤k","¤½¥q¸³¨Æ","¥Á¥DÄÒ","2015¦~10¤ë2¤é","","·¨¤p¾À"
"D08","µØ¶Q","¼B<U+6822>§Í","","¨k","","","2015¦~10¤ë15¤é","","¼B<U+6822>§Í"
"D09","µØ´I«n","¼Ú¥ß¦¨","","¨k","¥þÂ¾°ÏÄ³­û","","2015¦~10¤ë2¤é","","¼Ú¥ß¦¨"
"D09","µØ´I«n","¾¤º³µY","","¤k","¦a°Ï·F¨Æ","¥Á¥DÄÒ","2015¦~10¤ë2¤é","","¾¤º³µY"
"D10","µØ´I¥_","¶À¤~¥ß","","¨k","¦a°Ï²ÎÄw¥D¥ô","¥Á«ØÁp","2015¦~10¤ë2¤é","","¶À¤~¥ß"
"D10","µØ´I¥_","®ã¤åÃv","","¨k","«n°Ï°ÏÄ³­û","¥Á¥DÄÒ","2015¦~10¤ë2¤é","","®ã¤åÃv"
"D10","µØ´I¥_","¤¨§û®ï","","¤k","","","2015¦~10¤ë8¤é","","¤¨§û®ï"
"D10","µØ´I¥_","Ã¹¤ëµØ","","¤k","²z°]µ¦¹º¥D¥ô","¿W¥ß­Ô¿ï¤H","2015¦~10¤ë10¤é","","Ã¹¤ëµØ"
"D11","Á¡§ßªL","·¨­õ¦w","","¨k","°õ¦æ¸³¨Æ","¦Û¥ÑÄÒ","2015¦~10¤ë5¤é","","·¨­õ¦w"
"D11","Á¡§ßªL","¥q°¨¤å","","¨k","°ÏÄ³­û","¿W¥ß¥Á¥D¬£","2015¦~10¤ë8¤é","","¥q°¨¤å"
"D12","¸m´I","¦¶¼y­i","","¨k","°ÏÄ³­û/¤j¾ÇÅU°Ý","¿W¥ß­Ô¿ï¤H","2015¦~10¤ë2¤é","","¦¶¼y­i"
"D12","¸m´I","«ÀªQª¢","","¨k","°Æ±Ð±Â","","2015¦~10¤ë7¤é","","«ÀªQª¢"
"D13","¥ÐÆW","³¯´I©ú","","¨k","*°ÏÄ³­û/¤½¥q¸³¨Æ","*¿W¥ß­Ô¿ï¤H","2015¦~10¤ë8¤é","","³¯´I©ú"
"D14","¥Ûº®","¦¶¥ß«Â","","¨k","°ÏÄ³­û","¥Á«ØÁp","2015¦~10¤ë2¤é","","¦¶¥ß«Â"
"D15","¶À¦Ë§|","³¯ºa®¦","","¤k","*Ä³­û§U²z","*­»´ä¤u·|Áp¦X·|","2015¦~10¤ë2¤é","","³¯ºa®¦"
"D15","¶À¦Ë§|","®}»·µØ","","¨k","¥þÂ¾°ÏÄ³­û","¥Á¥DÄÒ","2015¦~10¤ë2¤é","","®}»·µØ"
"D16","®üÆW","SCHAUS David John","","¨k","","","2015¦~10¤ë2¤é","","SCHAUS DAVID JOHN"
"D16","®üÆW","¶¾¥K¯Ñ","","¨k","","¦Û¥ÑÄÒ","2015¦~10¤ë5¤é","","¶¾¥K¯Ñ"
"D17","¨ª¬W¤Î¥Û¿D","«À¼ä¾®","","¤k","¨£²ß²£·~´ú¶q®v","","2015¦~10¤ë2¤é","","«À¼ä¾®"
"D17","¨ª¬W¤Î¥Û¿D","§õ¨Ø­^","³¯§õ¨Ø­^","¤k","¸³¨Æ","","2015¦~10¤ë2¤é","","§õ¨Ø­^(³¯§õ¨Ø­^)"
"D17","¨ª¬W¤Î¥Û¿D","´¿±êÀÚ","","¨k","¤½¥q¸³¨Æ","¦Û¥ÑÄÒ","2015¦~10¤ë15¤é","","´¿±êÀÚ"
"E01","¦y¨F©C¦è","¤Õ¬LµØ","","¨k","*¤½¥q¸³¨Æ/°ÏÄ³­û","¥Á«ØÁp","2015¦~10¤ë9¤é","","¤Õ¬LµØ"
"E01","¦y¨F©C¦è","¼B§Ó¶¯","","¨k","ªª®v","","2015¦~10¤ë12¤é","","¼B§Ó¶¯"
"E02","¦õ´°«n","¸­¶Æ¥V","","¨k","·s»D¦æ¬F¤H­û/°ÏÄ³­û","¥Á«ØÁp","2015¦~10¤ë9¤é","","¸­¶Æ¥V"
"E02","¦õ´°«n","¹p¶®»ö","","¤k","","­»´äÃöª`·|","2015¦~10¤ë15¤é","","¹p¶®»ö"
"E03","¦õ´°¦è","³¯¤Ö´Å","","¨k","*°ÏÄ³­û/°Ó¤H","¥Á«ØÁp","2015¦~10¤ë9¤é","","³¯¤Ö´Å"
"E04","ªo³Â¦a«n","¼Ú¶§ªF","","¨k","¥Á¨óªÀ°Ï¥D¥ô","­»´ä¥Á¥D¥Á¥Í¨ó¶i·|","2015¦~10¤ë6¤é","","¼Ú¶§ªF"
"E04","ªo³Â¦a«n","·¨¤lº³","","¨k","°ÏÄ³­û","¥Á«ØÁp","2015¦~10¤ë9¤é","","·¨¤lº³"
"E05","´Iºa","§õ°¶®p","","¨k","¥ßªk·|Ä³­û§U²z","¥Á¥DÄÒ","2015¦~10¤ë7¤é","","§õ°¶®p"
"E05","´Iºa","Áé´äªZ","","¨k","°ÏÄ³­û","¥Á«ØÁp","2015¦~10¤ë9¤é","","Áé´äªZ"
"E06","©ô¨¤¦è","³\¼w«G","","¨k","*°ÏÄ³­û","","2015¦~10¤ë2¤é","","³\¼w«G"
"E07","´I¬f","§E¼wÄ_","","¨k","¥þÂ¾¦a°Ïµo®i¥D¥ô","¤½¥ÁÄÒ","2015¦~10¤ë5¤é","","§E¼wÄ_"
"E07","´I¬f","Ã¹¤Ö¶¯","","¨k","¦æ¬FÁ`µô","¿W¥ß­Ô¿ï¤H","2015¦~10¤ë8¤é","","Ã¹¤Ö¶¯"
"E08","¶ø¹B","°ª¾åºa","","¨k","¤½¥q¸³¨Æ","¿W¥ß­Ô¿ï¤H","2015¦~10¤ë2¤é","","°ª¾åºa"
"E08","¶ø¹B","Ò\ÂÔ¥Ó","","¨k","¥ßªk·|Ä³­û/«ß®v","¥Á¥DÄÒ","2015¦~10¤ë7¤é","","Ò\ÂÔ¥Ó"
"E09","Äå®ç","Áé¿A·u","","¨k","","","2015¦~10¤ë2¤é","","Áé¿A·u"
"E09","Äå®ç","ªL¯E´­","","¨k","Á`·F¨Æ(ªÀ¤u)","¥Á¥DÄÒ","2015¦~10¤ë7¤é","","ªL¯E´­"
"E09","Äå®ç","¤¤¥X¦Ï¤l","¬L©ú¤½¥D","¨k","ªÀ¥æ(ºôµ¸)¬õ¤H","­»´ä«°¨¹¬Ó«Ç","2015¦~10¤ë15¤é","","¤¤¥X¦Ï¤l(¬L©ú¤½¥D)"
"E10","¤j¨¤©C«n","½²¤Ö®p","","¨k","","¥Á«ØÁp","2015¦~10¤ë9¤é","","½²¤Ö®p"
"E10","¤j¨¤©C«n","¾¤Ä£Â@","","¨k","µù¥U·|­p®v","«C¦~·s¬F","2015¦~10¤ë9¤é","","¾¤Ä£Â@"
"E11","¤j¨¤©C¥_","¤ý¹Å¬Õ","","¤k","±M·~·|­p®v","¤½¥ÁÄÒ","2015¦~10¤ë5¤é","","¤ý¹Å¬Õ"
"E11","¤j¨¤©C¥_","¼B¬f¸R","","¨k","*°ÏÄ³­û/ªÀ°Ï¤u§@ªÌ","¥Á«ØÁp","2015¦~10¤ë9¤é","","¼B¬f¸R"
"E12","¤j«n","²ø¥ÃÀé","","¨k","«ß®v","¦è¤E·s°Ê¤O/¸g¥ÁÁp","2015¦~10¤ë7¤é","","²ø¥ÃÀé"
"E12","¤j«n","»¯¦°¥ú","","¨k","µù¥UÅ@¤h","«C¦~·s¬F","2015¦~10¤ë12¤é","","»¯¦°¥ú"
"E12","¤j«n","¶¾¤åÃü","","¨k","ªÀ°Ï¥D¥ô","¥Á¥DÄÒ","2015¦~10¤ë13¤é","","¶¾¤åÃü"
"E13","©ô¨¤¥_","¶ÀµÎ©ú","","¤k","¥þÂ¾°ÏÄ³­û","¦è¤E·s°Ê¤O","2015¦~10¤ë8¤é","","¶ÀµÎ©ú"
"E13","©ô¨¤¥_","¶À®a«T","","¨k","¤¤¾Ç¦Ñ®v","«C¦~·s¬F","2015¦~10¤ë13¤é","","¶À®a«T"
"E14","©ô¨¤ªF","ÁÂ¨ô¨k","","¨k","ª«·~¸g²z¤Î¤uµ{ÅU°Ý","¿W¥ß","2015¦~10¤ë7¤é","","ÁÂ¨ô¨k"
"E14","©ô¨¤ªF","¼B«T·~","","¨k","ªÀ°Ï¥D¥ô","¥Á¥DÄÒ","2015¦~10¤ë12¤é","","¼B«T·~"
"E14","©ô¨¤ªF","¶À«Ø·s","","¨k","°ÏÄ³­û/¬Fµ¦¬ã¨s­û","","2015¦~10¤ë14¤é","","¶À«Ø·s"
"E15","©ô¨¤«n","¤³®¶½÷","","¨k","¸g²z","","2015¦~10¤ë2¤é","","¤³®¶½÷"
"E16","ªo³Â¦a¥_","ªL°·¤å","","¨k","«ß®v","¥Á¨ó","2015¦~10¤ë2¤é","","ªL°·¤å"
"E16","ªo³Â¦a¥_","¤å¼íµØ","","¨k","ªÀ°Ï¤u§@ªÌ","*¤uÁp·|","2015¦~10¤ë2¤é","","¤å¼íµØ"
"E17","¦yªF¤Î¨Ê¤h¬f","¾H»Ê¤ß","","¤k","¤g¤ì¤uµ{®v","","2015¦~10¤ë2¤é","","¾H»Ê¤ß"
"E17","¦yªF¤Î¨Ê¤h¬f","³¯¤å¦ö","","¨k","ºÞ²zÅU°Ý","¤½¦@±M·~Áp·ù","2015¦~10¤ë13¤é","","³¯¤å¦ö"
"E18","¦y¨F©C¤¤","¥[§Q","","¨k","¸³¨Æ","","2015¦~10¤ë7¤é","2015¦~10¤ë15¤é°h¿ï","¥[§Q"
"E18","¦y¨F©C¤¤","Ãö¨q¬Â","","¤k","°ÏÄ³­û","¥Á«ØÁp","2015¦~10¤ë9¤é","","Ãö¨q¬Â"
"E18","¦y¨F©C¤¤","¹ù¤Ö½÷","","¨k","°Ó¤H","","2015¦~10¤ë9¤é","","¹ù¤Ö½÷"
"E19","¦õ´°¥_","·¨ÂíµØ","","¨k","¬ì§Þ¤½¥q³Ð¿ì¤H","¥Á«ØÁp","2015¦~10¤ë9¤é","","·¨ÂíµØ"
"E19","¦õ´°¥_","±­§Ó¨}","±­®v³Å","¨k","¦a½L°vªO¤u¤H","","2015¦~10¤ë14¤é","","±­§Ó¨}(±­®v³Å)"
"F01","Ä_ÄR","ÁÂ¾å­i","","¤k","ªÀ°Ï¥D¥ô","*²`¤ô<U+57D7>©~¥ÁÁp·|","2015¦~10¤ë2¤é","","ÁÂ¾å­i"
"F01","Ä_ÄR","±ç¦³¤è","","¨k","¥þÂ¾°ÏÄ³­û","¥Á¨ó","2015¦~10¤ë5¤é","","±ç¦³¤è"
"F02","ªø¨FÆW","ªL®a½÷","","¨k","«Ç¤º³]­p¤uµ{ÅU°Ý","¸g¥ÁÁp/¦è¤E·s°Ê¤O","2015¦~10¤ë2¤é","","ªL®a½÷"
"F02","ªø¨FÆW","§õ¤å¯E","","¨k","","ªø¨FÆWªÀ°Ïµo®i¤O¶q","2015¦~10¤ë5¤é","","§õ¤å¯E"
"F02","ªø¨FÆW","ªL·ç§t","","¤k","°ò¼h²ÕÂ´ªÌ","","2015¦~10¤ë13¤é","","ªL·ç§t"
"F03","«n©÷¥_","¾GªaµÏ","","¨k","ªÀ¥ø°ÆÁ`·F¨Æ/°ÏÄ³­û","¥Á«ØÁp","2015¦~10¤ë2¤é","","¾GªaµÏ"
"F03","«n©÷¥_","³¯¥Ã½÷","½÷¥J","¨k","¹q¸£ºû­×­û","¤H¥Á¤O¶q","2015¦~10¤ë12¤é","","³¯¥Ã½÷(½÷¥J)"
"F04","¥ÛÚÆ§À","³¯°ê°¶","","¨k","µù¥UªÀ¤u","¥ÛÚÆ§À<U+90A8>©~¥ÁªA°È¤¤¤ß/¦è¤E·s°Ê¤O","2015¦~10¤ë2¤é","","³¯°ê°¶"
"F04","¥ÛÚÆ§À","¯³Ä_¤s","","¨k","¥þÂ¾°ÏÄ³­û","¥Á¨ó","2015¦~10¤ë5¤é","","¯³Ä_¤s"
"F05","«n©÷ªF","­]³Í©ú","","¨k","","¥Á«ØÁp","2015¦~10¤ë2¤é","","­]³Í©ú"
"F05","«n©÷ªF","¦ó±Ò©ú","","¨k","","¥Á¨ó","2015¦~10¤ë5¤é","","¦ó±Ò©ú"
"F06","«n©÷«n","§õµú¥Á","","¨k","°ÏÄ³­û","´ä¤E³Ò¤uªÀ¹ÎÁp·|","2015¦~10¤ë2¤é","","§õµú¥Á"
"F06","«n©÷«n","ªL°¶´Å","","¨k","ª«·~ºÞ²z«O¦w¥DºÞ","¯«¦{«C¦~ªA°ÈªÀ/¥Á¥D°}½u","2015¦~10¤ë9¤é","","ªL°¶´Å"
"F07","«n©÷¤¤","¼B¨Ø¥É","","¤k","°ÏÄ³­û/§U²z²ÎÄw¥D¥ô","¥Á«ØÁp","2015¦~10¤ë2¤é","","¼B¨Ø¥É"
"F07","«n©÷¤¤","³Á°¶©ú","","¨k","ªÀ°Ï¥D¥ô","¿W¥ß","2015¦~10¤ë15¤é","","³Á°¶©ú"
"F08","«n©÷¦è","<U+885E>·Ø«n","","¨k","°ÏÄ³­û","¥Á¨ó","2015¦~10¤ë5¤é","","<U+885E>·Ø«n"
"F08","«n©÷¦è","­»©ú§µ","","¨k","ªÀ°Ï¥D¥ô","¿W¥ß­Ô¿ï¤H","2015¦~10¤ë8¤é","","­»©ú§µ"
"F09","´I©÷","§õ¬³","","¨k","ªÀ¤u","¥Á¨ó","2015¦~10¤ë2¤é","","§õ¬³"
"F09","´I©÷","±ç¤å¼s","","¨k","¥þÂ¾°ÏÄ³­û","¦è¤E·s°Ê¤O/´I©÷<U+90A8>©~¥Á¨ó·|/ºa©÷<U+90A8>©~¥ÁªA°È¨ó·|","2015¦~10¤ë2¤é","","±ç¤å¼s"
"F10","ÄR»Õ","³¯¿oªY","","¤k","","¥Á«ØÁp/¤uÁp·|","2015¦~10¤ë2¤é","","³¯¿oªY"
"F10","ÄR»Õ","¶¾ÀË°ò","","¨k","¥ßªk·|Ä³­û","¥Á¨ó","2015¦~10¤ë8¤é","","¶¾ÀË°ò"
"F10","ÄR»Õ","¶À¥ò´Ñ","","¨k","¸ê°T¬ì§Þ¤½¥qºÞ²z¼h","","2015¦~10¤ë14¤é","","¶À¥ò´Ñ"
"F11","©¯ºÖ","±i¼w°¶","","¨k","ªÀ°Ï·F¨Æ","¥Á«ØÁp","2015¦~10¤ë2¤é","","±i¼w°¶"
"F11","©¯ºÖ","¹Q¿oùÚ","","¤k","ªÀ°Ï²ÎÄw¥D¥ô","¥Á¨ó","2015¦~10¤ë5¤é","","¹Q¿oùÚ"
"F12","¯ïªK¨¤«n","³¯«Â¶¯","","¨k","","¥Á«ØÁp","2015¦~10¤ë2¤é","","³¯«Â¶¯"
"F12","¯ïªK¨¤«n","·¨Ñ{","","¨k","µù¥UªÀ¤u","¥Á¨ó","2015¦~10¤ë5¤é","","·¨Ñ{"
"F12","¯ïªK¨¤«n","±ö¦t","","¨k","","","2015¦~10¤ë10¤é","","±ö¦t"
"F13","¬ü§·«n","¶À¹FªF","","¨k","¤½¥q¸³¨Æ","¥Á«ØÁp","2015¦~10¤ë2¤é","","¶À¹FªF"
"F13","¬ü§·«n","¤ý¼w¥þ","","¨k","¸`¥Ø¥D«ù¤ÎºÊ»s","¤½¥ÁÄÒ","2015¦~10¤ë8¤é","","¤ý¼w¥þ"
"F13","¬ü§·«n","´¿ÄR¤å","","¤k","®a®x¥D°ü","","2015¦~10¤ë13¤é","","´¿ÄR¤å"
"F14","¬ü§·¤¤","¥î¤ëÄõ","","¤k","±Ð®v","¤½¥ÁÄÒ","2015¦~10¤ë8¤é","","¥î¤ëÄõ"
"F14","¬ü§·¤¤","¨H¤Ö¶¯","","¨k","¤½¥q¸³¨Æ","¸g¥ÁÁp/¦è¤E·s°Ê¤O","2015¦~10¤ë8¤é","","¨H¤Ö¶¯"
"F14","¬ü§·¤¤","³¯ªQ¥ú","","¨k","ÃÀÅé¤ÎºtÃÀ¾Ç®Õ®Õªø","","2015¦~10¤ë13¤é","","³¯ªQ¥ú"
"F15","¬ü§·¥_","§õ«T±ã","","¨k","¥ßªk·|Ä³­û§U²z","¤½¥ÁÄÒ","2015¦~10¤ë8¤é","","§õ«T±ã"
"F15","¬ü§·¥_","±i¥Ã´Ë","","¨k","«ß®v","¿W¥ß","2015¦~10¤ë9¤é","","±i¥Ã´Ë"
"F16","¯ïªK¨¤¤¤","§õ¸R³{","","¨k","¥þÂ¾°ÏÄ³­û","¸g¥ÁÁp/¦è¤E·s°Ê¤O","2015¦~10¤ë2¤é","","§õ¸R³{"
"F16","¯ïªK¨¤¤¤","°K®ü¤å","","¨k","¯S³\°]¸g¤ÀªR®v","¥Á¥DÄÒ","2015¦~10¤ë2¤é","","°K®ü¤å"
"F17","¯ïªK¨¤¥_","¶À·q","¶À·q³Õ¤h","¨k","±M·~¤uµ{®v","","2015¦~10¤ë2¤é","","¶À·q(¶À·q³Õ¤h)"
"F17","¯ïªK¨¤¥_","µ÷¼w¸Û","","¨k","*¥þÂ¾°ÏÄ³­û","¥Á¨ó","2015¦~10¤ë5¤é","","µ÷¼w¸Û"
"F17","¯ïªK¨¤¥_","­J¥@¥þ","","¨k","","","2015¦~10¤ë7¤é","","­J¥@¥þ"
"F18","¤¸¦{¤ÎÄ¬«Î","³¯°¶©ú","","¨k","¥þÂ¾°ÏÄ³­û","*¥Á«ØÁp","2015¦~10¤ë2¤é","","³¯°¶©ú"
"F18","¤¸¦{¤ÎÄ¬«Î","¤è´¼Às","","¨k","","¼ö¦å¤½¥Á","2015¦~10¤ë13¤é","","¤è´¼Às"
"F19","§õ¾G«Î","³¯Ãè¬î","","¨k","¥þÂ¾°ÏÄ³­û","¦è¤E·s°Ê¤O","2015¦~10¤ë2¤é","","³¯Ãè¬î"
"F19","§õ¾G«Î","¦¿¶Q¥Í","","¨k","µù¥UªÀ¤u","­»´ä¥Á¥D¥Á¥Í¨ó¶i·|","2015¦~10¤ë5¤é","","¦¿¶Q¥Í"
"F20","¤U¥Õ¥Ð","ºÂ±Òºa","","¨k","ªÀ¹Î·F¨Æ","­»´ä¸gÀÙ¥Á¥ÍÁp·ù/¦è¤E·s°Ê¤O","2015¦~10¤ë12¤é","","ºÂ±Òºa"
"F20","¤U¥Õ¥Ð","¾H¬ü´¹","","¤k","","ªÀ·|¥D¸q¦æ°Ê","2015¦~10¤ë12¤é","","¾H¬ü´¹"
"F21","¤S¤@§ø","§õ±ê·q","","¨k","¹q¤l¹s¥ó¤½¥q°õ¦æ¸³¨Æ","¦Û¥ÑÄÒ","2015¦~10¤ë2¤é","","§õ±ê·q"
"F21","¤S¤@§ø","©P¹Åµo","","¨k","ªÀ°Ï¥D¥ô","ªÀ·|¥Á¥D³s½u","2015¦~10¤ë12¤é","","©P¹Åµo"
"F22","«n¤s¡B¤j§|ªF¤Î¤j§|¦è","ÃÓ°ê¹´","","¨k","ªÀ·|ªA°ÈÅU°Ý","¥Á¨ó","2015¦~10¤ë5¤é","","ÃÓ°ê¹´"
"F22","«n¤s¡B¤j§|ªF¤Î¤j§|¦è","­³®ü­^","","¤k","°ÏÄ³­û","¦è¤E·s°Ê¤O","2015¦~10¤ë7¤é","","­³®ü­^"
"F22","«n¤s¡B¤j§|ªF¤Î¤j§|¦è","²Å°¶¼Ö","","¨k","ªÀ°Ï¤¤¤ß·F¨Æ","","2015¦~10¤ë15¤é","","²Å°¶¼Ö"
"F23","Às©W¤Î¤W¥Õ¥Ð","ªL°¶¤å","","¨k","¤u®Æ´ú¶q¸g²z","¤uÁp·|","2015¦~10¤ë2¤é","","ªL°¶¤å"
"F23","Às©W¤Î¤W¥Õ¥Ð","§d¬ü","","¤k","*¥þÂ¾°ÏÄ³­û","­»´ä¥Á¥D¥Á¥Í¨ó¶i·|","2015¦~10¤ë2¤é","","§d¬ü"
"F23","Às©W¤Î¤W¥Õ¥Ð","¾G§Ó±d","","¨k","¹q°TÅU°Ý","","2015¦~10¤ë14¤é","","¾G§Ó±d"
"G01","°¨ÀY³ò","²ö¹Å¼_","","¤k","°ÏÄ³·|Ä³­û","¥Á¨ó","2015¦~10¤ë2¤é","","²ö¹Å¼_"
"G01","°¨ÀY³ò","ªò¤Ñ­i","","¨k","","¥Á«ØÁp","2015¦~10¤ë2¤é","","ªò¤Ñ­i"
"G02","°¨§|¯F","¾¤¼s°¶","","¨k","ªÀ°Ï¥D¥ô","¥Á¨ó","2015¦~10¤ë2¤é","","¾¤¼s°¶"
"G02","°¨§|¯F","¶À¼í©÷","","¨k","¥Á¿ï°ÏÄ³­û","­»´ä¤u·|Áp¦X·|","2015¦~10¤ë3¤é","","¶À¼í©÷"
"G02","°¨§|¯F","¼BµÎ¿P","","¤k","ªÀ°Ï¥D¥ô","","2015¦~10¤ë14¤é","","¼BµÎ¿P"
"G03","°¨ÀY¨¤","Ãö¯E¬v","","¨k","","¥Á«ØÁp","2015¦~10¤ë2¤é","","Ãö¯E¬v"
"G03","°¨ÀY¨¤","°Ï<U+548F>»¨","","¨k","Äá¼v®v","­»´äÃöª`·|","2015¦~10¤ë15¤é","","°Ï<U+548F>»¨"
"G04","¼Ö¥Á","·¨¥ÃªN","","¨k","°ÏÄ³­û","","2015¦~10¤ë2¤é","","·¨¥ÃªN"
"G04","¼Ö¥Á","Ãe¤@»ï","","¨k","±Ð¨|¤u§@ªÌ","","2015¦~10¤ë15¤é","","Ãe¤@»ï"
"G05","±`¼Ö","¶À¥Ã³Ç","","¨k","ªÀ°Ï¥D¥ô","­»´ä¥Á¥D¥Á¥Í¨ó¶i·|","2015¦~10¤ë2¤é","","¶À¥Ã³Ç"
"G05","±`¼Ö","³°«l¥ú","","¨k","«ß®v","¥Á«ØÁp","2015¦~10¤ë2¤é","","³°«l¥ú"
"G05","±`¼Ö","³¯¹Å¬Â","","¤k","","","2015¦~10¤ë3¤é","","³¯¹Å¬Â"
"G06","¦ó¤å¥Ð","¾G§Q©ú","","¨k","°Æ±Ð±Â","","2015¦~10¤ë2¤é","","¾G§Q©ú"
"G06","¦ó¤å¥Ð","³¯ÄR§g","","¤k","*ªÀ°Ïµo®iÅU°Ý","¥Á¥DÄÒ","2015¦~10¤ë13¤é","","³¯ÄR§g"
"G07","¹Å¹D²z","¿½«GÁn","","¨k","¥þÂ¾°ÏÄ³­û","¥Á¨ó","2015¦~10¤ë2¤é","","¿½«GÁn"
"G07","¹Å¹D²z","¶À¹£","","¨k","","","2015¦~10¤ë2¤é","","¶À¹£"
"G07","¹Å¹D²z","¼B¾Ç«Â","","¨k","µù¥UªÀ¤u","","2015¦~10¤ë7¤é","","¼B¾Ç«Â"
"G08","¤Ó¤l","§õ´¼½÷","","¨k","","­×´_­»´ä","2015¦~10¤ë10¤é","2015¦~10¤ë15¤é°h¿ï","§õ´¼½÷"
"G08","¤Ó¤l","¤B°·µØ","","¨k","±Ð¨|¾÷ºcÁ`ºÊ","¿W¥ß­Ô¿ï¤H","2015¦~10¤ë15¤é","","¤B°·µØ"
"G09","¤EÀs¶í","¦óÅã©ú","","¨k","°ÏÄ³­û","¦Û¥ÑÄÒ","2015¦~10¤ë8¤é","","¦óÅã©ú"
"G10","Às«°","¤ý¥ÁÁn","","¨k","","","2015¦~10¤ë2¤é","","¤ý¥ÁÁn"
"G10","Às«°","§dÄ_±j","","¨k","°Æ²ÎÄw¥D¥ô","¥Á«ØÁp","2015¦~10¤ë2¤é","","§dÄ_±j"
"G11","§º¬Ó»O","·¨®¶¦t","","¨k","°ÏÄ³­û","¥Á¨ó","2015¦~10¤ë2¤é","","·¨®¶¦t"
"G11","§º¬Ó»O","¾G®¶µØ","","¨k","","­»´ä¤u·|Áp¦X·|","2015¦~10¤ë3¤é","","¾G®¶µØ"
"G11","§º¬Ó»O","¸­§Ó°¶","","¨k","³]­p®v","","2015¦~10¤ë12¤é","","¸­§Ó°¶"
"G12","<U+5553>¼w¥_","§õ®xÂ×","","¨k","ªÀ°Ï¥D¥ô","­»´ä¥Á¥D¥Á¥Í¨ó¶i·|","2015¦~10¤ë2¤é","","§õ®xÂ×"
"G12","<U+5553>¼w¥_","±ç°û´@","","¤k","","","2015¦~10¤ë2¤é","","±ç°û´@"
"G12","<U+5553>¼w¥_","ªL§Æ´@","","¤k","","","2015¦~10¤ë7¤é","","ªL§Æ´@"
"G12","<U+5553>¼w¥_","³¯Ä_¥É","","¤k","","","2015¦~10¤ë8¤é","","³¯Ä_¥É"
"G12","<U+5553>¼w¥_","¨¯¯ª¿Å","","¨k","","±Ò¼w¥|¨¶¦P¶m·|","2015¦~10¤ë14¤é","2015¦~10¤ë15¤é°h¿ï","¨¯¯ª¿Å"
"G13","<U+5553>¼w«n","¦óµØº~","","¨k","","","2015¦~10¤ë2¤é","","¦óµØº~"
"G13","<U+5553>¼w«n","Ä¬ºö¶²","","¤k","¥ßªk·|Ä³­û§U²z","¥Á¥DÄÒ","2015¦~10¤ë5¤é","","Ä¬ºö¶²"
"G14","®ü¤ß","¼ï°êµØ","","¨k","","¥Á«ØÁp","2015¦~10¤ë2¤é","","¼ï°êµØ"
"G14","®ü¤ß","§õ®a«Â","","¨k","¦a²£¥N²z/ºô¥x¥D«ù","­»´äÃöª`·|","2015¦~10¤ë15¤é","","§õ®a«Â"
"G15","¤g¥ÊÆW¥_","§õ¼z<U+743C>","","¤k","Ä³­û/·|­p®v","¥Á«ØÁp","2015¦~10¤ë6¤é","","§õ¼z<U+743C>"
"G15","¤g¥ÊÆW¥_","¨H®õ¾W","","¨k","","","2015¦~10¤ë14¤é","","¨H®õ¾W"
"G15","¤g¥ÊÆW¥_","ªL¨ÌÄR","","¤k","¦a²£¦WÅAÅU°Ý","­»´äÃöª`·|","2015¦~10¤ë15¤é","","ªL¨ÌÄR"
"G16","¤g¥ÊÆW«n","ªL³Õ","","¨k","·F¨Æ","","2015¦~10¤ë2¤é","","ªL³Õ"
"G16","¤g¥ÊÆW«n","²øÄR¬Â","","¤k","","¥Á¥DÄÒ","2015¦~10¤ë12¤é","","²øÄR¬Â"
"G17","Åb¶é®ü¶h","§E§Óºa","","¨k","°Ó¤H","","2015¦~10¤ë2¤é","","§E§Óºa"
"G17","Åb¶é®ü¶h","¿½°û¹ß","","¤k","°ÏÄ³­û","¥Á«ØÁp","2015¦~10¤ë2¤é","","¿½°û¹ß"
"G17","Åb¶é®ü¶h","·¨Ä~©÷","","¨k","¬Fµ¦¬ã¨s­û","¦ÛÅ@Áp¨¹","2015¦~10¤ë10¤é","","·¨Ä~©÷"
"G18","¶À®HªF","±ç¬üªâ","","¤k","¤j«ß®v/ªk«ß°Æ±Ð±Â","¦è¤E·s°Ê¤O/­»´ä¸gÀÙ¥Á¥ÍÁp·ù","2015¦~10¤ë2¤é","","±ç¬üªâ"
"G18","¶À®HªF","´å¿·ºÕ","","¤k","","«C¦~·s¬F","2015¦~10¤ë9¤é","","´å¿·ºÕ"
"G18","¶À®HªF","Ã¹¿ü©ú","","¨k","³Ð·|°õ¸³/³Õ¾É","","2015¦~10¤ë12¤é","","Ã¹¿ü©ú"
"G19","¶À®H¦è","¼B°¶ºa","","¨k","¥þÂ¾°ÏÄ³­û","","2015¦~10¤ë2¤é","","¼B°¶ºa"
"G19","¶À®H¦è","ñK¸¶½å","","¤k","Âå¥Í","«C¦~·s¬F","2015¦~10¤ë9¤é","","ñK¸¶½å"
"G20","¬õê©ÆW","»¯¥K«H","","¨k","ªÀ°Ï·F¨Æ","¤uÄÒ","2015¦~10¤ë2¤é","","»¯¥K«H"
"G20","¬õê©ÆW","±i¤¯±d","","¨k","¤uµ{®v","","2015¦~10¤ë2¤é","","±i¤¯±d"
"G20","¬õê©ÆW","¶¾Äv¤å","","¤k","","","2015¦~10¤ë2¤é","","¶¾Äv¤å"
"G20","¬õê©ÆW","§õ²hÃò","","¨k","","","2015¦~10¤ë13¤é","","§õ²hÃò"
"G21","¬õê©","¥ô°ê´É","","¨k","¥þÂ¾°ÏÄ³­û","¥Á¨ó","2015¦~10¤ë2¤é","","¥ô°ê´É"
"G21","¬õê©","ªL¼w¦¨","","¨k","¦æ¬F¤H­û","¥Á¥D«Ø´ä¨ó¶iÁp·ù","2015¦~10¤ë2¤é","","ªL¼w¦¨"
"G21","¬õê©","¶À§Ó±j","","¨k","¨®¦æ¸g²z","","2015¦~10¤ë15¤é","","¶À§Ó±j"
"G22","®aºû","³Ò¶W³Ç","","¨k","«ß®v","","2015¦~10¤ë2¤é","","³Ò¶W³Ç"
"G22","®aºû","³¯µÎ¼_","","¤k","","","2015¦~10¤ë10¤é","2015¦~10¤ë15¤é°h¿ï","³¯µÎ¼_"
"G23","·R¥Á","§d¾Äª÷","","¨k","°ÏÄ³­û/°ª¯Å§U²z²ÎÄw¥D¥ô","¥Á«ØÁp","2015¦~10¤ë2¤é","","§d¾Äª÷"
"G23","·R¥Á","°¨§ÆÄP","","¨k","Ä³­û§U²z","¥Á¥DÄÒ","2015¦~10¤ë13¤é","","°¨§ÆÄP"
"G24","·R«T","¥ª<U+6ED9>¶¯","","¨k","°ÏÄ³­û","","2015¦~10¤ë2¤é","","¥ª<U+6ED9>¶¯"
"G24","·R«T","³¯¤Í©÷","","¨k","","¤½¥ÁÄÒ","2015¦~10¤ë5¤é","","³¯¤Í©÷"
"H01","Às½ì","·¨±ÓºÓ","¨¹¨¹","¨k","·Oµ½¹ÎÅé¥D®u","¿W¥ß","2015¦~10¤ë5¤é","","·¨±ÓºÓ(¨¹¨¹)"
"H01","Às½ì","§õªF¦¿","","¨k","¯S³\°]°Èµ¦¹º®v","¿W¥ß­Ô¿ï¤H","2015¦~10¤ë5¤é","","§õªF¦¿"
"H01","Às½ì","´¿¨ôÅv","","¨k","®È¹C·~","¿W¥ß","2015¦~10¤ë6¤é","","´¿¨ôÅv"
"H02","Às¤U","§õª¢¶¯","","¨k","§U²z¯µ®Ñªø","","2015¦~10¤ë2¤é","","§õª¢¶¯"
"H02","Às¤U","³¢¨q­^","","¤k","¥þÂ¾°ÏÄ³­û","*¿W¥ß","2015¦~10¤ë2¤é","","³¢¨q­^"
"H03","Às¤W","ªL¤å½÷","","¨k","±Ð®v","¤uÁp·|","2015¦~10¤ë2¤é","","ªL¤å½÷"
"H03","Às¤W","ªL°¶°ò","","¨k","","¥Á¥DÄÒ","2015¦~10¤ë5¤é","","ªL°¶°ò"
"H03","Às¤W","©PÀy©÷","","¨k","¹q·~¤uµ{","¿W¥ß","2015¦~10¤ë7¤é","","©PÀy©÷"
"H04","»ñ°Ä","¶ÀÀA¶W","","¨k","¤½¥q¸³¨Æ","","2015¦~10¤ë2¤é","","¶ÀÀA¶W"
"H04","»ñ°Ä","³¯ª¢¥ú","","¨k","¥þÂ¾°ÏÄ³­û","","2015¦~10¤ë2¤é","","³¯ª¢¥ú"
"H04","»ñ°Ä","¶À¤l«í","","¨k","¨Æ°È«ß®v","µLÄÒ¬£­Ô¿ï¤H","2015¦~10¤ë14¤é","2015¦~10¤ë15¤é°h¿ï","¶À¤l«í"
"H05","»ñ¼w","Â²§Ó»¨","","¨k","¦æ¬F­û","¥Á«ØÁp","2015¦~10¤ë2¤é","","Â²§Ó»¨"
"H05","»ñ¼w","¶À°ê±j","","¨k","¤É­°¾÷«~½èºÊ±±","¿W¥ß","2015¦~10¤ë8¤é","","¶À°ê±j"
"H06","Às¬P","©¨·q¼e","","¨k","*¤¤ÃÄ©±©±ªø","*¿W¥ß","2015¦~10¤ë2¤é","","©¨·q¼e"
"H06","Às¬P","ÃÓ­»¤å","","¤k","·|­p®v/°ÏÄ³­û","«e<U+7DAB>","2015¦~10¤ë7¤é","","ÃÓ­»¤å"
"H06","Às¬P","ªL§@","","¨k","¤j«ß®v","","2015¦~10¤ë10¤é","","ªL§@"
"H06","Às¬P","¦ó°¶Åv","","¨k","¤å­û","µLÄÒ¬£­Ô¿ï¤H","2015¦~10¤ë15¤é","","¦ó°¶Åv"
"H07","·s»Z±^","¹p±Ò½¬","","¤k","*¦æ¬F¤H­û","*¿W¥ß­Ô¿ï¤H","2015¦~10¤ë2¤é","","¹p±Ò½¬"
"H07","·s»Z±^","©}©_¦w","","¨k","°h¥ð¤½°È­û","¿W¥ß­Ô¿ï¤H","2015¦~10¤ë14¤é","","©}©_¦w"
"H08","ªFÀY","§õ¼w±d","","¨k","¥þÂ¾°ÏÄ³­û","¥Á«ØÁp","2015¦~10¤ë2¤é","","§õ¼w±d"
"H08","ªFÀY","±i¦ÊùÚ","","¨k","","¿W¥ß","2015¦~10¤ë14¤é","","±i¦ÊùÚ"
"H09","ªF¬ü","¶À°ê®¦","","¨k","«ß®v","¥Á«ØÁp","2015¦~10¤ë2¤é","","¶À°ê®¦"
"H09","ªF¬ü","¬I¼w¨Ó","","¨k","µù<U+518C>ªÀ¤u","¥Á¨ó","2015¦~10¤ë5¤é","","¬I¼w¨Ó"
"H10","¼Ö´I","³¯°¶©[","","¨k","¥þÂ¾°ÏÄ³­û","","2015¦~10¤ë2¤é","","³¯°¶©["
"H10","¼Ö´I","°K¤ë­ë","","¤k","°h¥ð¤H¤h","¿W¥ß­Ô¿ï¤H","2015¦~10¤ë13¤é","","°K¤ë­ë"
"H11","¾îÀYê©","¾¤ºa¯E","","¨k","¦æ¬F¤H­û/°ÏÄ³­û","¥Á«ØÁp","2015¦~10¤ë2¤é","","¾¤ºa¯E"
"H12","¤Ñ±j","§õ¯EµM","","¨k","¶µ¥Ø·F¨Æ","¤½¥ÁÄÒ","2015¦~10¤ë7¤é","","§õ¯EµM"
"H12","¤Ñ±j","³¯¦w®õ","","¨k","°ò·þ®{°ÏÄ³­û/¤½¥q¸³¨Æ","¦Û¥ÑÄÒ","2015¦~10¤ë8¤é","","³¯¦w®õ"
"H13","»A¦Ë¤ÎÄPµ{","Ä¬¿ü°í","","¨k","¥þÂ¾°ÏÄ³­û","¿W¥ß­Ô¿ï¤H","2015¦~10¤ë2¤é","","Ä¬¿ü°í"
"H13","»A¦Ë¤ÎÄPµ{","³¯­^","","¨k","¤½¥q¸³¨Æ","*¿W¥ß­Ô¿ï¤H","2015¦~10¤ë2¤é","","³¯­^"
"H13","»A¦Ë¤ÎÄPµ{","§õ¹Å¿³","","¨k","²z°]ÅU°Ý","¿W¥ß­Ô¿ï¤H","2015¦~10¤ë13¤é","","§õ¹Å¿³"
"H14","¦Ë¶é«n","³\ÀA¦¨","","¨k","¾÷ºcÁ`ºÊ","­»´ä¥Á¥D¥Á¥Í¨ó¶i·|","2015¦~10¤ë2¤é","","³\ÀA¦¨"
"H14","¦Ë¶é«n","³¯¿A´Ë","","¨k","·F¨Æ","¤uÁp·|","2015¦~10¤ë2¤é","","³¯¿A´Ë"
"H15","¦Ë¶é¥_","¤B§Ó«Â","","¨k","¤½¥q¸³¨Æ","¿W¥ß­Ô¿ï¤H","2015¦~10¤ë9¤é","","¤B§Ó«Â"
"H15","¦Ë¶é¥_","³¯¼ä¦B","","¤k","*±M·~·|­p/¶Ç¹D","¤H¥Á¤O¶q","2015¦~10¤ë12¤é","","³¯¼ä¦B"
"H16","·O¶³¦è","°K°ê±j","","¨k","°ÏÄ³­û","¥Á«ØÁp","2015¦~10¤ë2¤é","","°K°ê±j"
"H16","·O¶³¦è","¯Î¸Û¥ú","","¨k","*°h¥ð°ª¯Å¶l®t","¥Á¥DÄÒ","2015¦~10¤ë5¤é","","¯Î¸Û¥ú"
"H16","·O¶³¦è","±ç›£·q","","¨k","","¼ö¦å¤½¥Á","2015¦~10¤ë13¤é","","±ç›£·q"
"H17","¥¿·R","³¯°ÒµX","","¤k","«ß®v","¥Á«ØÁp","2015¦~10¤ë2¤é","","³¯°ÒµX"
"H17","¥¿·R","³Á¤l»¨","","¨k","ª«²z¹êÅç«Ç§Þ³N­û","·O¶³¤s«Ø³]¤O¶q","2015¦~10¤ë12¤é","","³Á¤l»¨"
"H18","¥¿¦w","¶À¶h¦°","","¨k","¥Á¿ï°ÏÄ³­û","*¿W¥ß","2015¦~10¤ë6¤é","","¶À¶h¦°"
"H19","·O¶³ªF","¦óº~¤å","","¨k","¥þÂ¾°ÏÄ³­û","¥Á«ØÁp","2015¦~10¤ë2¤é","","¦óº~¤å"
"H19","·O¶³ªF","ÃÓ«T¤å","","¨k","¤uµ{¶µ¥Ø§U²z","·O¶³¤s«Ø³]¤O¶q","2015¦~10¤ë13¤é","","ÃÓ«T¤å"
"H20","Ã£´I","¶ÀÂí°·","","¨k","µù¥U²z°]®v","¤uÁp·|","2015¦~10¤ë2¤é","","¶ÀÂí°·"
"H20","Ã£´I","­J§Ó°¶","","¨k","¥ßªk·|Ä³­û","¥Á¥DÄÒ","2015¦~10¤ë5¤é","","­J§Ó°¶"
"H21","±m¶³ªF","½²¤l°·","","¨k","*¥ßªk·|Ä³­û§U²z","¥Á«ØÁp","2015¦~10¤ë2¤é","","½²¤l°·"
"H21","±m¶³ªF","Àd°¶¬u","","¨k","«O¦w±q·~­û","","2015¦~10¤ë13¤é","","Àd°¶¬u"
"H21","±m¶³ªF","¶À°ê®ä","","¨k","«ß®v(ªk«ß¬É¿ï©e)","¥Á¥DÄÒ","2015¦~10¤ë13¤é","","¶À°ê®ä"
"H22","±m¶³«n","§õ¬üÄõ","","¤k","*µù¥U²z°]®v","¥Á«ØÁp","2015¦~10¤ë2¤é","","§õ¬üÄõ"
"H22","±m¶³«n","¨H¹BµØ","","¨k","¨£²ß«ß®v","¥Á¥DÄÒ","2015¦~10¤ë5¤é","","¨H¹BµØ"
"H23","±m¶³¦è","ÃÓ¬ü´¶","","¤k","¥þÂ¾°ÏÄ³­û","¤uÁp·|/¥Á«ØÁp","2015¦~10¤ë2¤é","","ÃÓ¬ü´¶"
"H23","±m¶³¦è","ÁÂ´¼³Ç","","¨k","µù¥UªÀ¤u","¥Á¥DÄÒ","2015¦~10¤ë5¤é","","ÁÂ´¼³Ç"
"H24","¦À±m","¦ó½å½÷","","¨k","¥Á¿ï°ÏÄ³­û","¤uÁp·|/¥Á«ØÁp","2015¦~10¤ë2¤é","","¦ó½å½÷"
"H24","¦À±m","­J§Ó°·","","¨k","Ä³­û§U²z","¥Á¥DÄÒ","2015¦~10¤ë5¤é","","­J§Ó°·"
"H25","±m­i","²ö°·ºa","","¨k","¥Á¿ï°ÏÄ³­û","¤uÁp·|","2015¦~10¤ë2¤é","","²ö°·ºa"
"H25","±m­i","±ç¹Fªi","","¨k","°s©±·~ºÞ²z¤H­û","¿W¥ß","2015¦~10¤ë12¤é","","±ç¹Fªi"
"J01","Æ[¶í¤¤¤ß","³¯µØ¸Î","","¨k","¤¤¾Ç®Õªø","","2015¦~10¤ë8¤é","","³¯µØ¸Î"
"J02","¤EÀsÆW","¼ï¥ô´f¬Ã","","¤k","¥þÂ¾°ÏÄ³­û","","2015¦~10¤ë2¤é","","¼ï¥ô´f¬Ã"
"J03","<U+5553>·~","¼Ú¶§§¡¿Õ","","¨k","","¥Á«ØÁp","2015¦~10¤ë2¤é","","¼Ú¶§§¡¿Õ"
"J03","<U+5553>·~","ªL¸Û","","¨k","ªÀ°Ï¥D¥ô","¥Á¥DÄÒ","2015¦~10¤ë13¤é","","ªL¸Û"
"J04","ÄR´¹","BUX Sheik Anthony","²¦ªF¥§","¨k","¦æ¬FÁ`µô","¤½¥ÁÄÒ","2015¦~10¤ë2¤é","","BUX SHEIK ANTHONY(²¦ªF¥§)"
"J04","ÄR´¹","¼ï¶i·½","","¨k","¥Á¿ï°ÏÄ³­û","¥Á«ØÁp","2015¦~10¤ë2¤é","","¼ï¶i·½"
"J05","©W¥Û","³¯«T³Ç","","¨k","°ÏÄ³­û","¥Á¥D«Ø´ä¨ó¶iÁp·ù","2015¦~10¤ë2¤é","","³¯«T³Ç"
"J06","Âù±m","ÃÓ»F¨ô","","¨k","°ÏÄ³­û","¥Á«ØÁp","2015¦~10¤ë2¤é","","ÃÓ»F¨ô"
"J07","¦õ´°¨¦","ÃC¨Z¦Ð","","¨k","°ÏÄ³­û","¥Á«ØÁp","2015¦~10¤ë2¤é","","ÃC¨Z¦Ð"
"J07","¦õ´°¨¦","¶À°¶¹F","","¨k","Ä³­û§U²z","¥Á¥DÄÒ","2015¦~10¤ë5¤é","","¶À°¶¹F"
"J08","¶¶¤Ñ","³¢¥²¿þ","","¨k","²z°]ÅU°Ý¸g²z","¥Á«ØÁp","2015¦~10¤ë2¤é","","³¢¥²¿þ"
"J08","¶¶¤Ñ","²ö«Ø¦¨","","¨k","µù<U+518C>ªÀ¤u/ªÀ°Ï¥D¥ô","¥Á¥DÄÒ","2015¦~10¤ë5¤é","","²ö«Ø¦¨"
"J09","Âù¶¶","²ÅºÑ¬Ã","","¤k","¥þÂ¾°ÏÄ³­û","","2015¦~10¤ë2¤é","","²ÅºÑ¬Ã"
"J10","¦w§Q","±çÄË¤¥","","¨k","","¥Á«ØÁp","2015¦~10¤ë2¤é","","±çÄË¤¥"
"J10","¦w§Q","½²¿AÂE","","¨k","¥þÂ¾°ÏÄ³­û","","2015¦~10¤ë5¤é","","½²¿AÂE"
"J10","¦w§Q","±ä<U+5553>·u","","¨k","","","2015¦~10¤ë15¤é","","±ä<U+5553>·u"
"J11","Ä_¹F","¬xÀA¹b","","¨k","°ÏÄ³­û","¥Á«ØÁp","2015¦~10¤ë2¤é","","¬xÀA¹b"
"J11","Ä_¹F","ÃÓø¯µY","","¨k","¦Û¥Ñ¤H","","2015¦~10¤ë15¤é","","ÃÓø¯µY"
"J12","¨q­Z©W¥_","¶À¬K¥­","","¨k","¥þÂ¾°ÏÄ³­û","","2015¦~10¤ë2¤é","","¶À¬K¥­"
"J13","¾åÄR","Ä¬ÄR¬Ã","","¤k","¥þÂ¾°ÏÄ³­û","¿W¥ß­Ô¿ï¤H","2015¦~10¤ë2¤é","","Ä¬ÄR¬Ã"
"J13","¾åÄR","¶¾°ê±j","","¨k","","","2015¦~10¤ë15¤é","","¶¾°ê±j"
"J14","¨q­Z©W«n","³¯Ä£¶¯","","¨k","¤½¥q¸³¨Æ","¿W¥ß¤H¤h","2015¦~10¤ë2¤é","","³¯Ä£¶¯"
"J14","¨q­Z©W«n","­p©úµØ","","¨k","","*¥Á¥DÄÒ","2015¦~10¤ë5¤é","","­p©úµØ"
"J14","¨q­Z©W«n","¾G°ê«T","","¨k","","ªF¤EÀsªÀ°ÏÃöª`²Õ","2015¦~10¤ë9¤é","","¾G°ê«T"
"J15","¨q­Z©W¤¤","±i°ö­è","","¨k","","¥Á«ØÁp","2015¦~10¤ë2¤é","","±i°ö­è"
"J16","¿³¥Ð","Ã¹ÀR","","¤k","*ªÀ°Ï¤u§@ªÌ","¤uÁp·|","2015¦~10¤ë2¤é","","Ã¹ÀR"
"J16","¿³¥Ð","³¯¨Z°í","","¨k","","¥Á¥DÄÒ","2015¦~10¤ë5¤é","","³¯¨Z°í"
"J17","ÂÅ¥Ð","Â²»ÊªF","","¨k","¥Á¿ï°ÏÄ³­û","¤uÁp·|","2015¦~10¤ë2¤é","","Â²»ÊªF"
"J17","ÂÅ¥Ð","´å¬üÄ_","","¤k","ª«¬y¸g²z","","2015¦~10¤ë8¤é","","´å¬üÄ_"
"J18","¼s¼w","¬_³Ð²±","","¨k","","¥Á«ØÁp","2015¦~10¤ë2¤é","","¬_³Ð²±"
"J19","¥­¥Ð","§d§Ó½÷","","¨k","¼p®v","","2015¦~10¤ë8¤é","","§d§Ó½÷"
"J19","¥­¥Ð","«À¬f¨}","","¨k","¦æ¬F¤H­û","¿W¥ß­Ô¿ï¤H","2015¦~10¤ë8¤é","","«À¬f¨}"
"J20","<U+6822>¶®","³¯¦t©ú","","¨k","³n¥ó¤uµ{®v","¤½¥ÁÄÒ","2015¦~10¤ë2¤é","","³¯¦t©ú"
"J20","<U+6822>¶®","¦ó±Ò©ú","","¨k","¥Á¿ï°ÏÄ³­û","¤uÁp·|","2015¦~10¤ë2¤é","","¦ó±Ò©ú"
"J20","<U+6822>¶®","§E·ç¥Í","","¨k","°ª¯ÅÀç·~¸g²z","","2015¦~10¤ë15¤é","","§E·ç¥Í"
"J21","ªo¶íªF","±iµXÄË","","¨k","","¥Á«ØÁp","2015¦~10¤ë2¤é","","±iµXÄË"
"J22","ªoÄR","¾¤¾ðÀÚ","","¨k","°ÏÄ³­û","¿W¥ß","2015¦~10¤ë3¤é","","¾¤¾ðÀÚ"
"J22","ªoÄR","¾GµØªF","","¨k","","","2015¦~10¤ë5¤é","","¾GµØªF"
"J22","ªoÄR","Áú®a»Ê","","¨k","µù¥UªÀ¤u","¥Á¥DÄÒ","2015¦~10¤ë10¤é","","Áú®a»Ê"
"J23","»Aµ¾","ÁÂ²Q¬Ã","","¤k","","","2015¦~10¤ë2¤é","","ÁÂ²Q¬Ã"
"J23","»Aµ¾","¶À±ÒêP","","¨k","ªÀ°Ï¤u§@ªÌ","­»´ä¤u·|Áp¦X·|","2015¦~10¤ë2¤é","","¶À±ÒêP"
"J24","ªo¶í¦è","§fªF«Ä","","¨k","","¿W¥ß­Ô¿ï¤H","2015¦~10¤ë2¤é","","§fªF«Ä"
"J25","ÄR´ä«°","ÃÓ¤å»¨","","¨k","¥Á¯è¾÷®v","¤½¥ÁÄÒ","2015¦~10¤ë2¤é","","ÃÓ¤å»¨"
"J25","ÄR´ä«°","¾H<U+548F>Â@","","¨k","Àô«OÅU°Ý","¿W¥ß","2015¦~10¤ë7¤é","","¾H<U+548F>Â@"
"J26","´º¥Ð","­ð<U+5EF8>¶Ô","","¨k","ªk®xÁpµ¸¥D¥ô","¤½¥ÁÄÒ","2015¦~10¤ë2¤é","","­ð<U+5EF8>¶Ô"
"J26","´º¥Ð","±i¶¶µØ","","¨k","°ÏÄ³­û","","2015¦~10¤ë2¤é","","±i¶¶µØ"
"J27","»A«Ì","¾G±j®p","","¨k","ªÀ°ÏªA°È¥D¥ô","¤½«ÎÁp·|","2015¦~10¤ë2¤é","","¾G±j®p"
"J27","»A«Ì","ªL¥i¬Ã","","¤k","°h¥ð·|­p","¤H¥Á¤O¶q/«e<U+7DAB>","2015¦~10¤ë9¤é","","ªL¥i¬Ã"
"J28","Ä_¼Ö","¼B©w¦w","","¨k","¥þÂ¾°ÏÄ³­û","·s¥@¬ö½×¾Â","2015¦~10¤ë2¤é","","¼B©w¦w"
"J28","Ä_¼Ö","¾G´º¶§","","¨k","¥ßªk·|Ä³­û§U²z","¥Á¥DÄÒ","2015¦~10¤ë5¤é","","¾G´º¶§"
"J29","¤ëµØ","®}®ü¤s","","¨k","¤½¥q¸³¨Æ","¿W¥ß­Ô¿ï¤H","2015¦~10¤ë8¤é","","®}®ü¤s"
"J29","¤ëµØ","³¯ÀA«Â","","¨k","Á¿®v","","2015¦~10¤ë15¤é","","³¯ÀA«Â"
"J30","¨ó±d","³¯®¶±l","","¨k","¦æ¬FÁ`µô","","2015¦~10¤ë8¤é","","³¯®¶±l"
"J30","¨ó±d","©P¹|¥­","","¨k","","","2015¦~10¤ë13¤é","","©P¹|¥­"
"J30","¨ó±d","¶Àºö´@","","¤k","¦æ¬F¤å­û","","2015¦~10¤ë14¤é","","¶Àºö´@"
"J31","±d¼Ö","°¨¶c¶W","","¨k","¤½¥q¸³¨Æ/Æ[¶í°ÏÄ³­û","¿W¥ß­Ô¿ï¤H","2015¦~10¤ë8¤é","","°¨¶c¶W"
"J31","±d¼Ö","³¯¿A·Ê","","¨k","¤uµ{®v","ªF¤EÀsªÀ°ÏÃöª`²Õ","2015¦~10¤ë9¤é","","³¯¿A·Ê"
"J32","©w¦w","ª÷°í","","¤k","","","2015¦~10¤ë2¤é","","ª÷°í"
"J32","©w¦w","¶À±Ò©ú","","¨k","¥Á¿ï°ÏÄ³­û","¥Á¥DÄÒ","2015¦~10¤ë5¤é","","¶À±Ò©ú"
"J33","¤ûÀY¨¤¤W<U+90A8>","³¯°êµØ","","¨k","¥þÂ¾°ÏÄ³­û","¥Á¥D«Ø´ä¨ó¶iÁp·ù","2015¦~10¤ë2¤é","","³¯°êµØ"
"J33","¤ûÀY¨¤¤W<U+90A8>","§f´¼«í","","¨k","ªÀ·|¤u§@ªÌ","","2015¦~10¤ë12¤é","","§f´¼«í"
"J34","¤ûÀY¨¤¤U<U+90A8>","±i«À±l","","¨k","","¥Á«ØÁp","2015¦~10¤ë2¤é","","±i«À±l"
"J34","¤ûÀY¨¤¤U<U+90A8>","¶À¥¿®p","","¨k","Ä³­û§U²z","¥Á¥DÄÒ","2015¦~10¤ë5¤é","","¶À¥¿®p"
"J35","²^¤j","¸­¿³°ê","","¨k","°ÏÄ³­û","","2015¦~10¤ë2¤é","","¸­¿³°ê"
"J36","¼ÖµØ¥_","¶¾ÀA·½","","¨k","¥þÂ¾°ÏÄ³­û","*¿W¥ß­Ô¿ï¤H","2015¦~10¤ë7¤é","","¶¾ÀA·½"
"J36","¼ÖµØ¥_","¶À¤l°·","","¨k","","ªF¤EÀsªÀ°ÏÃöª`²Õ","2015¦~10¤ë15¤é","","¶À¤l°·"
"J37","¼ÖµØ«n","§õ¹ÅùÚ","","¨k","¬Fµ¦¬ã¨s­û","¤uÁp·|","2015¦~10¤ë2¤é","","§õ¹ÅùÚ"
"J37","¼ÖµØ«n","Ä¬«aÁo","","¨k","°ÏÄ³­û","","2015¦~10¤ë7¤é","","Ä¬«aÁo"
"K01","¼wµØ","Ã¹¤Ö³Ç","","¨k","¸³¨ÆÁ`¸g²z","","2015¦~10¤ë2¤é","","Ã¹¤Ö³Ç"
"K02","·¨«Î¹D","³¯ùÚ÷g","","¨k","Ä³­û","¥Á¥D«Ø´ä¨ó¶iÁp·ù","2015¦~10¤ë2¤é","","³¯ùÚ÷g"
"K02","·¨«Î¹D","ªL¿ü²K","","¨k","¦æ¬F¤H­û","¯þÆWªÀ°Ïºôµ¸","2015¦~10¤ë8¤é","","ªL¿ü²K"
"K03","®üÀØ","¾G¬f±j","","¨k","½s¿è","","2015¦~10¤ë5¤é","","¾G¬f±j"
"K03","®üÀØ","¹QªÃ«ï","","¨k","°ÏÄ³­û","¿W¥ß","2015¦~10¤ë12¤é","","¹QªÃ«ï"
"K04","¬è¼w´L","¥j´­¨¹","","¨k","","¥Á¥D«Ø´ä¨ó¶iÁp·ù","2015¦~10¤ë2¤é","","¥j´­¨¹"
"K04","¬è¼w´L","´öµúªÛ","","¤k","«D¬F©²²ÕÂ´Á`·F¨Æ","","2015¦~10¤ë2¤é","","´öµúªÛ"
"K05","ºÖ¨Ó","¸¯¥ü·½","","¨k","¥Á¿ï°ÏÄ³­û","*­»´ä¤u·|Áp¦X·|(¤uÁp·|)","2015¦~10¤ë2¤é","","¸¯¥ü·½"
"K05","ºÖ¨Ó","¥Û«Â·G","","¨k","¦æ¬F¤H­û","","2015¦~10¤ë15¤é","","¥Û«Â·G"
"K06","´r´º","»¯®¦¨Ó","","¨k","¥ßªk·|Ä³­û§U²z","¤uÄÒ","2015¦~10¤ë2¤é","","»¯®¦¨Ó"
"K06","´r´º","¥Ð¥_¨°","","¨k","¥ßªk·|Ä³­û","·s¥ÁÄÒ","2015¦~10¤ë5¤é","","¥Ð¥_¨°"
"K07","¯þÆW¤¤¤ß","´¿¤j","","¨k","ªÀ°Ï·F¨Æ","¥Á¥D«Ø´ä¨ó¶iÁp·ù","2015¦~10¤ë2¤é","","´¿¤j"
"K07","¯þÆW¤¤¤ß","§õ¬xªi","","¨k","","¥Á¥DÄÒ","2015¦~10¤ë12¤é","","§õ¬xªi"
"K08","¯þ«Â","ªL°ûÀØ","","¤k","°ÏÄ³­û/µù¥UªÀ¤u","","2015¦~10¤ë2¤é","","ªL°ûÀØ"
"K08","¯þ«Â","¤ý<U+92ED>¼w","","¨k","±Ð¨|®a","¥Á¥DÄÒ","2015¦~10¤ë8¤é","","¤ý<U+92ED>¼w"
"K09","ÄRÀÜ","¶À°¶³Ç","","¨k","°ÏÄ³­û/µù¥UªÀ¤u","¿W¥ß","2015¦~10¤ë2¤é","","¶À°¶³Ç"
"K09","ÄRÀÜ","»¯¨Ø¸Ö","","¤k","¦a°Ïµo®i¥D¥ô","¤½¥ÁÄÒ","2015¦~10¤ë12¤é","","»¯¨Ø¸Ö"
"K10","¥Å²`","®L§Æ¿Õ","","¨k","ªÀ°Ï·F¨Æ","¤uÄÒ","2015¦~10¤ë2¤é","","®L§Æ¿Õ"
"K10","¥Å²`","¾G<U+3A17>±l","ªü±¶","¨k","ªÀ°Ï¥D¥ô","·s¥ÁÄÒ","2015¦~10¤ë5¤é","","¾G<U+3A17>±l(ªü±¶)"
"K10","¥Å²`","¾G©Ó¶©","","¨k","®É¨Æ¸`¥Ø¥D«ù","","2015¦~10¤ë7¤é","","¾G©Ó¶©"
"K11","¯þÆW¦è","ªLµY","","¤k","°ÏÄ³­û","¥Á¥D«Ø´ä¨ó¶iÁp·ù","2015¦~10¤ë2¤é","","ªLµY"
"K11","¯þÆW¦è","¼ï¬LÀM","","¨k","ªÀ°Ï¥D¥ô","¯þÆW¥Á¥Í°Ê¤O","2015¦~10¤ë5¤é","","¼ï¬LÀM"
"K11","¯þÆW¦è","¦¶¶¶©ú","","¨k","¤½¥q¸³¨Æ","","2015¦~10¤ë12¤é","","¦¶¶¶©ú"
"K12","¯þÆW­¥°Ï","¥îÅãÀs","","¨k","¤j¾Ç¬ã¨s­û","","2015¦~10¤ë6¤é","","¥îÅãÀs"
"K12","¯þÆW­¥°Ï","³¯°¶©ú","","¨k","°ÏÄ³­û","","2015¦~10¤ë8¤é","","³¯°¶©ú"
"K13","°¨ÆW","¶À¶WµØ","","¨k","*ªÀ°Ïµo®i¥D¥ô","·s¥ÁÄÒ","2015¦~10¤ë5¤é","","¶À¶WµØ"
"K13","°¨ÆW","ÃÓ³Í¨¹","","¨k","Á`·F¨Æ","·s¥Á¥D¦P·ù","2015¦~10¤ë8¤é","","ÃÓ³Í¨¹"
"K13","°¨ÆW","³°°¶¨}","","¨k","¤½¥q¸³¨Æ","·s«äºû","2015¦~10¤ë12¤é","","³°°¶¨}"
"K13","°¨ÆW","´¿¤å¨å","","¨k","¤½¥q¸³¨Æ","¿W¥ß­Ô¿ï¤H","2015¦~10¤ë12¤é","","´¿¤å¨å"
"K14","ºñ·¨","ªLµo¯Õ","","¨k","","","2015¦~10¤ë2¤é","","ªLµo¯Õ"
"K14","ºñ·¨","¤ý¯\ªÛ","","¤k","ªÀ°Ï¥D¥ô","·s¥Á¥D¦P·ù","2015¦~10¤ë8¤é","","¤ý¯\ªÛ"
"K15","±ù¤ì¾ðªF","§f<U+5EF8>©ú","","¤k","ºtÃÀ¤u§@ªÌ","¥Á¥D«Ø´ä¨ó¶iÁp·ù","2015¦~10¤ë2¤é","","§f<U+5EF8>©ú"
"K15","±ù¤ì¾ðªF","³¯Ú{µ`","","¨k","µù¥UªÀ¤u","¤½¥ÁÄÒ","2015¦~10¤ë8¤é","","³¯Ú{µ`"
"K16","±ù¤ì¾ð¦è","ÃÓªéµá","","¤k","ªÀ°Ï¤u§@ªÌ","­»´ä¤u·|Áp¦X·|(¤uÁp·|)","2015¦~10¤ë2¤é","","ÃÓªéµá"
"K16","±ù¤ì¾ð¦è","¶À®aµØ","","¨k","¥þÂ¾Ä³­û","¤½¥ÁÄÒ","2015¦~10¤ë8¤é","","¶À®aµØ"
"K17","¥Û³ò¨¤","¤å¸Î©ú","","¨k","«OÀI","·s¬ÉªÀ¹ÎÁp·|/¤½«ÎÁp·|","2015¦~10¤ë2¤é","","¤å¸Î©ú"
"K17","¥Û³ò¨¤","¿à¤å½÷","","¨k","ªÀ°Ï¥D¥ô","","2015¦~10¤ë7¤é","","¿à¤å½÷"
"K18","¶H¥Û","³¯®¶¤¤","","¨k","","¥Á¥D«Ø´ä¨ó¶iÁp·ù","2015¦~10¤ë2¤é","","³¯®¶¤¤"
"K18","¶H¥Û","¶À§Ó¶¶","","¨k","","¥Á¥D°}½u","2015¦~10¤ë2¤é","","¶À§Ó¶¶"
"K18","¶H¥Û","³¯¹Åºa","","¨k","¥­­±³]­p","¥Á¥DÄÒ","2015¦~10¤ë8¤é","","³¯¹Åºa"
"L01","¤Ùªù¥«¤¤¤ß","»¯ª÷º¡","","¨k","¤½¥q¸³¨Æ","","2015¦~10¤ë12¤é","","»¯ª÷º¡"
"L01","¤Ùªù¥«¤¤¤ß","¼Ú§Ó»·","","¨k","¤g¤ì¤uµ{®v","","2015¦~10¤ë12¤é","","¼Ú§Ó»·"
"L02","¥ü¸m","§õÀR»ö","","¤k","°Ó¤H","¥Á«ØÁp","2015¦~10¤ë2¤é","","§õÀR»ö"
"L02","¥ü¸m","ªL¹|ñZ","","¨k","¥þÂ¾°ÏÄ³­û","¥Á¥DÄÒ","2015¦~10¤ë2¤é","","ªL¹|ñZ"
"L02","¥ü¸m","¤ý¥[¨}","","¨k","¹q¾¹§Þ¤u","¿W¥ß","2015¦~10¤ë9¤é","","¤ý¥[¨}"
"L03","¥ü»A","¸­¤åÙy","","¨k","¥ßªk·|Ä³­û§U²z","¥Á¥D«Ø´ä¨ó¶iÁp·ù","2015¦~10¤ë2¤é","","¸­¤åÙy"
"L03","¥ü»A","¾H«T·Ê","","¨k","","¥Á¥DÄÒ","2015¦~10¤ë2¤é","","¾H«T·Ê"
"L03","¥ü»A","§dº~ÆN","","¨k","","","2015¦~10¤ë5¤é","","§dº~ÆN"
"L04","¦w©w","¶¾¨K½å","","¨k","ªÀ°Ï¤u§@ªÌ","­»´ä¤u·|Áp¦X·|","2015¦~10¤ë2¤é","","¶¾¨K½å"
"L04","¦w©w","¦¿»ñ»ö","","¤k","¥þÂ¾°ÏÄ³­û","¥Á¨ó","2015¦~10¤ë2¤é","","¦¿»ñ»ö"
"L05","¤Í·R«n","´¿¾Ë±d","","¨k","°ÏÄ³­û","¥Á¥D«Ø´ä¨ó¶iÁp·ù","2015¦~10¤ë2¤é","","´¿¾Ë±d"
"L05","¤Í·R«n","¿úÄ_ªâ","","¤k","°h¥ð¤½°È­û","¤H¥Á¤O¶q","2015¦~10¤ë12¤é","","¿úÄ_ªâ"
"L06","¤Í·R¥_","³¯¶³¥Í","","¨k","¥þÂ¾°ÏÄ³­û","¥Á¥D«Ø´ä¨ó¶iÁp·ù","2015¦~10¤ë2¤é","","³¯¶³¥Í"
"L06","¤Í·R¥_","ÃÓÂ@½å","","¨k","¥ßªk·|Ä³­û§U²z","¤uÄÒ","2015¦~10¤ë3¤é","","ÃÓÂ@½å"
"L06","¤Í·R¥_","ªL¥ß","","¨k","¹q¼v»s§@","¤Í·R¦w©w¥Á¥Íµo®i¦P·ù","2015¦~10¤ë8¤é","","ªL¥ß"
"L07","»A¿³","¦¶Ä£µØ","","¨k","¥þÂ¾°ÏÄ³­û","·s¥ÁÄÒ","2015¦~10¤ë5¤é","","¦¶Ä£µØ"
"L08","¤s´º","§dÆ[ÂE","","¨k","¥þÂ¾°ÏÄ³­û","","2015¦~10¤ë2¤é","","§dÆ[ÂE"
"L08","¤s´º","ÁúÂ§½å","","¨k","","¤ÙªùªÀ°ÏÃöª`²Õ","2015¦~10¤ë14¤é","","ÁúÂ§½å"
"L09","´º¿³","³¯¦³®ü","","¨k","¥Á¿ï°ÏÄ³­û","­»´ä¤u·|Áp¦X·|","2015¦~10¤ë2¤é","","³¯¦³®ü"
"L10","¿³¿A","®}¦|","","¨k","¥Á¿ï°ÏÄ³­û","­»´ä¤u·|Áp¦X·|","2015¦~10¤ë2¤é","","®}¦|"
"L10","¿³¿A","³¯¸Ö¶®","","¤k","","¤ÙªùªÀ°ÏÃöª`²Õ","2015¦~10¤ë15¤é","","³¯¸Ö¶®"
"L11","·s¼V","¥jº~±j","","¨k","","","2015¦~10¤ë2¤é","","¥jº~±j"
"L11","·s¼V","¦ó§µ«T","","¨k","³f¹B¤å­û","","2015¦~10¤ë14¤é","","¦ó§µ«T"
"L11","·s¼V","³\¨ô»¨","","¨k","§ø¥Nªí","¿W¥ß«J¿ï¤H","2015¦~10¤ë15¤é","","³\¨ô»¨"
"L12","¤T¸t","Ä¬¬·¦¨","","¨k","°Ó¤H","·s¥ÁÄÒ","2015¦~10¤ë2¤é","","Ä¬¬·¦¨"
"L12","¤T¸t","§õÀA²K","","¨k","®È¹C·~","","2015¦~10¤ë8¤é","","§õÀA²K"
"L13","«íºÖ","¦¶¶¶¶®","","¤k","°ÏÄ³­û","¥Á¥DÄÒ","2015¦~10¤ë2¤é","","¦¶¶¶¶®"
"L13","«íºÖ","ÃQ¹Å»¨","","¨k","ª÷¿Ä·~¤À¦æ¸g²z","","2015¦~10¤ë9¤é","","ÃQ¹Å»¨"
"L13","«íºÖ","§õ®ÛªÚ","","¤k","ªF¥D","¿W¥ß","2015¦~10¤ë13¤é","","§õ®ÛªÚ"
"L13","«íºÖ","¶À¿AµØ","","¨k","¤uµ{®v","","2015¦~10¤ë15¤é","","¶À¿AµØ"
"L14","´I·s","§õ¥@±j","","¨k","°õ·~¤j«ß®v","","2015¦~10¤ë2¤é","","§õ¥@±j"
"L14","´I·s","À¹½å©Û","","¨k","¹q°T","","2015¦~10¤ë2¤é","","À¹½å©Û"
"L14","´I·s","¦ó­^¥Í","","¨k","°h¥ð¤H¤h","","2015¦~10¤ë2¤é","","¦ó­^¥Í"
"L14","´I·s","¥Ì¤å¾W","","¨k","ªÀ°Ïµo®i¥D¥ô","·s¥ÁÄÒ","2015¦~10¤ë2¤é","","¥Ì¤å¾W"
"L14","´I·s","±i°¶²y","","¨k","±Ð®v","","2015¦~10¤ë13¤é","","±i°¶²y"
"L14","´I·s","Às§ó·s","","¨k","¥Á¿ï°ÏÄ³­û","","2015¦~10¤ë15¤é","","Às§ó·s"
"L15","®®´ò","±iùÚ½÷","","¨k","¥þÂ¾°ÏÄ³­û","¥Á¥D«Ø´ä¨ó¶iÁp·ù","2015¦~10¤ë2¤é","","±iùÚ½÷"
"L15","®®´ò","¸­ÄR´A","Ãö¤Ó","¤k","","","2015¦~10¤ë9¤é","","¸­ÄR´A(Ãö¤Ó)"
"L16","¥üÁH","ºÂ²Ð«n","","¨k","¥þÂ¾ªÀ°Ï¥D¥ô","¥Á¨ó","2015¦~10¤ë2¤é","","ºÂ²Ð«n"
"L16","¥üÁH","«J°êªF","","¨k","","¥Á¥D«Ø´ä¨ó¶iÁp·ù","2015¦~10¤ë2¤é","","«J°êªF"
"L17","´ò´º","±ç°·¤å","","¨k","","¥Á¥D«Ø´ä¨ó¶iÁp·ù","2015¦~10¤ë2¤é","","±ç°·¤å"
"L17","´ò´º","©P±Ò·G","","¨k","ªÀ·|ªA°È","¤ÙªùªÀ°ÏÃöª`²Õ","2015¦~10¤ë14¤é","","©P±Ò·G"
"L18","½¹½º","Ä¬·R¸s","","¤k","¥þÂ¾°ÏÄ³­û","¥Á«ØÁp","2015¦~10¤ë2¤é","","Ä¬·R¸s"
"L18","½¹½º","·¨´¼ùÚ","","¨k","«ß®v¦æ¤å­û","¥Á¨ó","2015¦~10¤ë15¤é","","·¨´¼ùÚ"
"L19","¼Ö»A","¦ó«T¤¯","","¨k","«ß®v","¥Á¥DÄÒ","2015¦~10¤ë2¤é","","¦ó«T¤¯"
"L19","¼Ö»A","¦ó§g³ó","","¨k","«ß®v","¿W¥ß","2015¦~10¤ë8¤é","","¦ó§g³ó"
"L19","¼Ö»A","¨¿°¶©¾","","¨k","±Ð®v","§Ö«HªÀ·|ªA°È¹Î","2015¦~10¤ë8¤é","","¨¿°¶©¾"
"L19","¼Ö»A","±i¥Ã°¶","","¨k","","","2015¦~10¤ë12¤é","","±i¥Ã°¶"
"L19","¼Ö»A","¾GªQ®õ","","¨k","¤j¾Ç±Ð®v","¼ö¦å¤½¥Á","2015¦~10¤ë14¤é","","¾GªQ®õ"
"L19","¼Ö»A","¨HÀA²K","","¨k","°h¥ð¤½°È­û","","2015¦~10¤ë15¤é","","¨HÀA²K"
"L20","Àsªù","Às·ç­ë","","¤k","°ÏÄ³­û","¥Á¥D«Ø´ä¨ó¶iÁp·ù","2015¦~10¤ë2¤é","","Às·ç­ë"
"L21","·s´º","§õ»ñ¼`","","¤k","¬ü°êµù¥U°]°Èµ¦¹º®v","¥Á¥D«Ø´ä¨ó¶iÁp·ù","2015¦~10¤ë2¤é","","§õ»ñ¼`"
"L21","·s´º","¶ÀÄR¹ß","","¤k","¥þÂ¾°ÏÄ³­û","¥Á¥DÄÒ","2015¦~10¤ë2¤é","","¶ÀÄR¹ß"
"L22","¨}´º","µ{§Ó¬õ","","¤k","¥þÂ¾°ÏÄ³­û","¥Á¥D«Ø´ä¨ó¶iÁp·ù","2015¦~10¤ë2¤é","","µ{§Ó¬õ"
"L22","¨}´º","©xªFºa","","¨k","«O¦w¥D¥ô","","2015¦~10¤ë7¤é","","©xªFºa"
"L23","¥Ð´º","§õ¬x´Ë","","¨k","","¤uÁp·|","2015¦~10¤ë2¤é","","§õ¬x´Ë"
"L23","¥Ð´º","©Û»ü¬Â","","¤k","¨àµ£±Ð¨|¤u§@ªÌ","","2015¦~10¤ë9¤é","","©Û»ü¬Â"
"L24","Ä_¥Ð","Ä¬¹Å¶²","","¤k","«ß®v","·s¥ÁÄÒ","2015¦~10¤ë2¤é","","Ä¬¹Å¶²"
"L24","Ä_¥Ð","¦¶»à¬x","¤j³°¦¶","¨k","¸Ë­×§PÀY","","2015¦~10¤ë15¤é","","¦¶»à¬x(¤j³°¦¶)"
"L25","«Ø¥Í","³¯¤åµØ","","¨k","¥þÂ¾°ÏÄ³­û","¥Á¥D«Ø´ä¨ó¶iÁp·ù","2015¦~10¤ë2¤é","","³¯¤åµØ"
"L25","«Ø¥Í","ªL±ê´¸","¤é«C","¤k","","","2015¦~10¤ë14¤é","","ªL±ê´¸(¤é«C)"
"L26","¥ü±d","§Å¦¨¾W","","¨k","","¥Á¥D«Ø´ä¨ó¶iÁp·ù","2015¦~10¤ë2¤é","","§Å¦¨¾W"
"L26","¥ü±d","³¯¾ð­^","","¤k","°ÏÄ³­û","¥Á¥DÄÒ","2015¦~10¤ë2¤é","","³¯¾ð­^"
"L26","¥ü±d","Ã¹¯E®¦","","¤k","®iÄý·~°È¡Ð°ÆÁ`ºÊ","","2015¦~10¤ë15¤é","","Ã¹¯E®¦"
"L27","´º®p","¦ó§ö±ö","","¤k","¥þÂ¾°ÏÄ³­û","¥Á¥DÄÒ","2015¦~10¤ë2¤é","","¦ó§ö±ö"
"L27","´º®p","ñK<U+73C9>åÊ","","¨k","ªÀ·|¤u§@­û","","2015¦~10¤ë13¤é","","ñK<U+73C9>åÊ"
"L28","´I®õ","³¯¤å°¶","","¨k","¥Á¿ï°ÏÄ³­û","­»´ä¤u·|Áp¦X·|","2015¦~10¤ë2¤é","","³¯¤å°¶"
"L28","´I®õ","¦ó°¶²»","","¨k","¤j¾Ç¥Í","¤ÙªùªÀ°ÏÃöª`²Õ","2015¦~10¤ë14¤é","","¦ó°¶²»"
"L29","¤Ùªù¶m­¥","³³¿ü·½","","¨k","¤½¥q¸³¨Æ","","2015¦~10¤ë2¤é","","³³¿ü·½"
"L29","¤Ùªù¶m­¥","¾H¼w´Ë","","¨k","°h¥ð¤H¤h","","2015¦~10¤ë12¤é","","¾H¼w´Ë"
"M01","Â×¦~","¶À°ê¶¯","","¨k","ªÀ°Ï·F¨Æ","¥Á¥D°}½u","2015¦~10¤ë2¤é","","¶À°ê¶¯"
"M01","Â×¦~","§f°í","","¨k","","¥Á¥D«Ø´ä¨ó¶iÁp·ù","2015¦~10¤ë2¤é","","§f°í"
"M02","¤ôÃä","°K±Ó¨à","","¤k","¥þÂ¾°ÏÄ³­û","","2015¦~10¤ë2¤é","","°K±Ó¨à"
"M03","«n«Ì","¶À°¶½å","","¨k","°ÏÄ³­û","¥Á¥DÄÒ","2015¦~10¤ë2¤é","","¶À°¶½å"
"M03","«n«Ì","±iªâÄõ","","¤k","µù<U+518C>ªÀ¤u","¥Á«ØÁp","2015¦~10¤ë9¤é","","±iªâÄõ"
"M03","«n«Ì","³¯´f»ö","","¤k","ªÀ°ÏªA°È","¿W¥ß­Ô¿ï¤H","2015¦~10¤ë9¤é","","³¯´f»ö"
"M04","¥_®Ô","ñK«T¦t","","¨k","°ÏÄ³­û","¥Á¥DÄÒ","2015¦~10¤ë2¤é","","ñK«T¦t"
"M04","¥_®Ô","¶À¥É¬Ã","","¤k","*¥ßªk·|Ä³­û§U²z","¥Á¥D«Ø´ä¨ó¶iÁp·ù","2015¦~10¤ë9¤é","","¶À¥É¬Ã"
"M05","¤¸®Ô¤¤¤ß","ªL§Ê<U+885E>","","¨k","ªÀ°Ï·F¨Æ","¥Á¥D°}½u","2015¦~10¤ë2¤é","","ªL§Ê<U+885E>"
"M05","¤¸®Ô¤¤¤ß","¿½®ö»ï","","¨k","°ÏÄ³­û","¥Á¥D«Ø´ä¨ó¶iÁp·ù","2015¦~10¤ë9¤é","","¿½®ö»ï"
"M06","¤¸Às","¤ý«Â«H","","¨k","«ß®v","·s¥ÁÄÒ","2015¦~10¤ë7¤é","","¤ý«Â«H"
"M06","¤¸Às","²ø°·¦¨","","¨k","¤½¥q¸³¨Æ/°ÏÄ³­û","¸g¥ÁÁp","2015¦~10¤ë15¤é","","²ø°·¦¨"
"M07","»ñµ¾","³Á·~¦¨","","¨k","¥þÂ¾°ÏÄ³­û","¥Á¥D°}½u","2015¦~10¤ë2¤é","","³Á·~¦¨"
"M07","»ñµ¾","§E¥ò¨}","","¨k","°õ·~·|­p®v","¥Á¥D«Ø´ä¨ó¶iÁp·ù","2015¦~10¤ë2¤é","","§E¥ò¨}"
"M07","»ñµ¾","¤ý°¶","","¨k","°Ó¤H","","2015¦~10¤ë15¤é","","¤ý°¶"
"M08","¤Q¤K¶mªF","¨H»¨³Ç","","¨k","«ß®v","","2015¦~10¤ë8¤é","","¨H»¨³Ç"
"M09","¤Q¤K¶m¤¤","±ç©ú°í","","¨k","Àç¹B¸g²z","","2015¦~10¤ë5¤é","","±ç©ú°í"
"M10","¤Q¤K¶m¦è","µ{®¶©ú","","¨k","°ÏÄ³­û","","2015¦~10¤ë5¤é","","µ{®¶©ú"
"M11","«Ì¤s«n","±i¤ìªL","","¨k","°ÏÄ³­û","·s¬ÉªÀ¹ÎÁp·|","2015¦~10¤ë2¤é","","±i¤ìªL"
"M12","«Ì¤s¤¤","¾H¼y·~","","¨k","","","2015¦~10¤ë2¤é","","¾H¼y·~"
"M13","«Ì¤s¥_","¾H¹Fµ½","","¨k","°Ó¤H","","2015¦~10¤ë5¤é","","¾H¹Fµ½"
"M13","«Ì¤s¥_","·¨®a¦w","","¨k","°Ó¤H","","2015¦~10¤ë8¤é","","·¨®a¦w"
"M14","·H§ø","¾H®a¨}","","¨k","¥þÂ¾°ÏÄ³­û","","2015¦~10¤ë2¤é","","¾H®a¨}"
"M14","·H§ø","¾GÀA»¨","","¨k","°h¥ð","","2015¦~10¤ë15¤é","","¾GÀA»¨"
"M15","¤Ñ²±","³¯«äÀR","","¨k","¥þÂ¾°ÏÄ³­û","·s¥ÁÄÒ","2015¦~10¤ë2¤é","","³¯«äÀR"
"M15","¤Ñ²±","±ç·~ÄP","","¨k","","","2015¦~10¤ë15¤é","","±ç·~ÄP"
"M16","·ç·R","³¢±j","","¨k","¥þÂ¾°ÏÄ³­û","¥Á¥D«Ø´ä¨ó¶iÁp·ù","2015¦~10¤ë2¤é","","³¢±j"
"M16","·ç·R","©P¤lÄQ","","¨k","«D¦È§Q¾÷ºcÁ`·F¨Æ","","2015¦~10¤ë12¤é","","©P¤lÄQ"
"M17","·çµØ","©P¥Ã¶Ô","","¨k","°ÏÄ³­û","¦Û¥ÑÄÒ","2015¦~10¤ë2¤é","","©P¥Ã¶Ô"
"M17","·çµØ","°ª«T³Ç","","¨k","Ä³­û§U²z","¥Á¥D«Ø´ä¨ó¶iÁp·ù","2015¦~10¤ë9¤é","","°ª«T³Ç"
"M18","¹|µØ","¶ÀÞm¹a","","¤k","°ÏÄ³­û","¥Á¥D«Ø´ä¨ó¶iÁp·ù","2015¦~10¤ë9¤é","","¶ÀÞm¹a"
"M18","¹|µØ","³¯®a¾s","","¨k","","","2015¦~10¤ë13¤é","","³¯®a¾s"
"M19","®®®¦","»¯¨q¼_","","¤k","","","2015¦~10¤ë2¤é","","»¯¨q¼_"
"M20","´I®¦","¼B®Û®e","","¤k","¥Á¿ï°ÏÄ³­û","­»´ä¤u·|Áp¦X·|","2015¦~10¤ë2¤é","","¼B®Û®e"
"M20","´I®¦","±j°ê°¶","","¨k","Ä³­û§U²z","¤uÄÒ","2015¦~10¤ë2¤é","","±j°ê°¶"
"M21","¶h¿A","¶À¸Î§÷","","¨k","°Ó¤H","","2015¦~10¤ë2¤é","","¶À¸Î§÷"
"M21","¶h¿A","³¢¼y¥­","","¨k","°ÏÄ³­û","","2015¦~10¤ë3¤é","","³¢¼y¥­"
"M21","¶h¿A","¶À»·½÷","","¨k","«Ø¿v°Ó¤H","","2015¦~10¤ë7¤é","","¶À»·½÷"
"M22","¤ÑùÚ","³°¹|¶¯","","¨k","¥Á¿ï°ÏÄ³­û","­»´ä¤u·|Áp¦X·|","2015¦~10¤ë2¤é","","³°¹|¶¯"
"M22","¤ÑùÚ","¤ý¦Ê¦Ð","","¨k","ªÀ°Ï·F¨Æ","¤Ñ¤ô³ò¥Á¥ÍÃöª`¥­¥x","2015¦~10¤ë5¤é","","¤ý¦Ê¦Ð"
"M22","¤ÑùÚ","±i°ê´É","","¨k","¬¡°Ê²ÎÄwÅU°Ý","","2015¦~10¤ë7¤é","","±i°ê´É"
"M23","§»¶h","«À°ê«Â","","¨k","¥Á¿ï°ÏÄ³­û","­»´ä¤u·|Áp¦X·|","2015¦~10¤ë2¤é","","«À°ê«Â"
"M24","´¸´º","¾HÚZÁ¾","","¨k","¥þÂ¾°ÏÄ³­û","¤uÁp·|","2015¦~10¤ë2¤é","","¾HÚZÁ¾"
"M24","´¸´º","Ä¬¥Ã©z","","¨k","Âê¦K","","2015¦~10¤ë13¤é","","Ä¬¥Ã©z"
"M25","¹Å´ò¥_","§õ¤ë¥Á","","¨k","ªÀ·|¤u§@ªÌ","","2015¦~10¤ë10¤é","","§õ¤ë¥Á"
"M25","¹Å´ò¥_","¦ó´fªÚ","","¤k","µù<U+518C>ªÀ¤u","","2015¦~10¤ë13¤é","","¦ó´fªÚ"
"M26","·O¯§","³¯¬ü½¬","","¤k","¤¸®Ô°ÏÄ³­û","","2015¦~10¤ë5¤é","","³¯¬ü½¬"
"M26","·O¯§","µ{®e½÷","","¨k","Á¿®v-ª÷¿Ä§ë¸ê","¥Á¥D«Ø´ä¨ó¶iÁp·ù","2015¦~10¤ë9¤é","","µ{®e½÷"
"M27","Ä£¯§","°¨²Q¿P","","¤k","ªÀ°ÏªA°È","¥Á¥D«Ø´ä¨ó¶iÁp·ù","2015¦~10¤ë9¤é","","°¨²Q¿P"
"M27","Ä£¯§","¤ý¨Ø½å","¼B¤Ó","¤k","Ä³­û§U²z/ªÀ°Ï¥D¥ô","","2015¦~10¤ë9¤é","","¤ý¨Ø½å(¼B¤Ó)"
"M28","¤ÑÄ£","±çºa¥Í","«í¥J","¨k","¤p¾Ç¾É®v","","2015¦~10¤ë5¤é","","±çºa¥Í(«í¥J)"
"M28","¤ÑÄ£","±ç§Ó²»","","¨k","¥þÂ¾Ä³­û","*¥Á¥D«Ø´ä¨ó¶iÁp·ù/·s¬ÉªÀ¹ÎÁp·|","2015¦~10¤ë9¤é","","±ç§Ó²»"
"M29","¹Å´ò«n","§d¥É­^","","¤k","ªÀ°Ï·F¨Æ","¥Á¥DÄÒ","2015¦~10¤ë2¤é","","§d¥É­^"
"M29","¹Å´ò«n","´ï®a¶¯","","¨k","","","2015¦~10¤ë2¤é","","´ï®a¶¯"
"M30","¹|<U+6822>","¶À¨ô°·","","¨k","°ÏÄ³­û","*·s¥ÁÄÒ","2015¦~10¤ë2¤é","","¶À¨ô°·"
"M30","¹|<U+6822>","²öª¢º³","","¨k","°h¥ð","","2015¦~10¤ë5¤é","","²öª¢º³"
"M31","ÀA<U+7D89>ªá¶é","ªô±a®X","","¤k","°ÏÄ³­û","","2015¦~10¤ë5¤é","","ªô±a®X"
"M31","ÀA<U+7D89>ªá¶é","±çÞm<U+5803>","","¨k","ÅU°Ý","","2015¦~10¤ë14¤é","","±çÞm<U+5803>"
"M31","ÀA<U+7D89>ªá¶é","§ù¹Å­Û","","¨k","¸ê°T¬ì§Þ","","2015¦~10¤ë15¤é","","§ù¹Å­Û"
"M32","·s¥Ð","¤å¥ú©ú","","¨k","·s¥Ð¥þÂ¾¥Á¿ï°ÏÄ³­û","","2015¦~10¤ë5¤é","","¤å¥ú©ú"
"M32","·s¥Ð","¤å¶QºX","","¨k","¤½¥q¸³¨Æ","","2015¦~10¤ë9¤é","","¤å¶QºX"
"M33","ÀA¥Ð","¾H¨ôµM","","¨k","°Ó¤H","","2015¦~10¤ë5¤é","","¾H¨ôµM"
"M34","¤K¶m¥_","¾HÂèÄ£","","¨k","¤K¶m¥_³Ð·|¥D®u","","2015¦~10¤ë6¤é","","¾HÂèÄ£"
"M34","¤K¶m¥_","¾H§Ó¥ú","","¨k","ªÀ°Ï·F¨Æ","","2015¦~10¤ë12¤é","","¾H§Ó¥ú"
"M35","¤K¶m«n","¾¤°¶¶¯","","¨k","°ÏÄ³­û","","2015¦~10¤ë2¤é","","¾¤°¶¶¯"
"M35","¤K¶m«n","±ç¯E²`","","¨k","°h¥ð¤½°È­û","¿W¥ß","2015¦~10¤ë12¤é","2015¦~10¤ë13¤é°h¿ï","±ç¯E²`"
"M35","¤K¶m«n","¦¶³Í<U+5EF8>","","¨k","ªÀ°Ï²ÕÂ´ªÌ","¤g¦a¥¿¸qÁp·ù","2015¦~10¤ë14¤é","","¦¶³Í<U+5EF8>"
"N01","Áp©M¼V","Ã¹¥@®¦","","¨k","¥þÂ¾°ÏÄ³­û","¥Á¥DÄÒ","2015¦~10¤ë2¤é","","Ã¹¥@®¦"
"N01","Áp©M¼V","¼B©ú°í","ªü°í","¨k","¦a°Ï·F¨Æ","¦Û¥ÑÄÒ","2015¦~10¤ë3¤é","","¼B©ú°í(ªü°í)"
"N01","Áp©M¼V","´¿¿³¶©","","¨k","¥ßªk·|Ä³­û§U²z","¥Á«ØÁp","2015¦~10¤ë9¤é","","´¿¿³¶©"
"N02","¯»À­¥«","´^®¶Án","","¨k","µù¥U±M·~¤uµ{®v","¿W¥ß¤H¤h","2015¦~10¤ë2¤é","","´^®¶Án"
"N02","¯»À­¥«","¶À®ÊÆF","","¨k","¦³¾÷ºØ´ÓÅU°Ý","·s«äºû","2015¦~10¤ë9¤é","","¶À®ÊÆF"
"N03","²»µØ","³¯¦°©ú","","¨k","ªÀ°Ï·F¨Æ","¥Á¥DÄÒ","2015¦~10¤ë2¤é","","³¯¦°©ú"
"N03","²»µØ","¨¿®ü°¶","","¨k","ªÀ¤u","µLÄÒ¬£­Ô¿ï¤H","2015¦~10¤ë5¤é","","¨¿®ü°¶"
"N03","²»µØ","¸­Â`¥à","","¨k","°ÏÄ³­û","¿W¥ß","2015¦~10¤ë8¤é","","¸­Â`¥à"
"N03","²»µØ","¶À¹Å¯E","","¨k","¥­­±³]­p®v","¥_°Ï°Ê·½","2015¦~10¤ë10¤é","","¶À¹Å¯E"
"N04","µØ³£","«À»Ê","","¨k","°ÏÄ³­û/²z°]µ¦¹º¸g²z","¥Á«ØÁp/·sªÀÁp","2015¦~10¤ë9¤é","","«À»Ê"
"N05","µØ©ú","³¯´f¹F","","¨k","","·s¥Á¥D¦P·ù","2015¦~10¤ë3¤é","","³¯´f¹F"
"N05","µØ©ú","¿à¤ß","","¨k","¥þÂ¾°ÏÄ³­û","¥Á«ØÁp","2015¦~10¤ë9¤é","","¿à¤ß"
"N06","ªY²±","¼B°ê¾±","","¨k","°ÏÄ³­û","¥Á«ØÁp","2015¦~10¤ë9¤é","","¼B°ê¾±"
"N07","²±ºÖ","<U+6E29>©M¹F","","¨k","¥Á¿ï°ÏÄ³­û","­»´ä¤u·|Áp¦X·|","2015¦~10¤ë2¤é","","<U+6E29>©M¹F"
"N08","¯»À­«n","¦ó¾ð¥ú","","¨k","¦æ¬FÁ`µô","*¿W¥ß­Ô¿ï¤H","2015¦~10¤ë2¤é","","¦ó¾ð¥ú"
"N08","¯»À­«n","¶À¦¨´¼","","¨k","ªÀ·|¤u§@ªÌ","·s«äºû","2015¦~10¤ë12¤é","","¶À¦¨´¼"
"N09","²Mªe","ÂÅ°¶¨}","","¨k","","¥Á«ØÁp","2015¦~10¤ë9¤é","","ÂÅ°¶¨}"
"N10","±s¤Ó","´¿«lÁo","","¨k","°ÏÄ³­û","­»´ä¤u·|Áp¦X·|","2015¦~10¤ë2¤é","","´¿«lÁo"
"N10","±s¤Ó","«Jºa¥ú","","¨k","°Ó¤H","¦Û¥ÑÄÒ","2015¦~10¤ë5¤é","","«Jºa¥ú"
"N10","±s¤Ó","¥Û©Ð¦³","","¨k","°·¨­±Ð½m","","2015¦~10¤ë15¤é","","¥Û©Ð¦³"
"N11","¤W¤ô¶m­¥","«JºÖ¹F","","¨k","°Ó¤H","¿W¥ß­Ô¿ï¤H","2015¦~10¤ë5¤é","","«JºÖ¹F"
"N11","¤W¤ô¶m­¥","«Jª÷ªL","","¨k","¥þÂ¾°ÏÄ³­û","¥Á«ØÁp","2015¦~10¤ë9¤é","","«Jª÷ªL"
"N12","±m¶é","Ä¬¦è´¼","","¨k","¥þÂ¾°ÏÄ³­û","¥Á«ØÁp","2015¦~10¤ë9¤é","","Ä¬¦è´¼"
"N12","±m¶é","±çª÷¦¨","","¨k","­Ü°È¥D¥ô","¥_°Ï¤ô³f«ÈÃöª`²Õ","2015¦~10¤ë14¤é","","±çª÷¦¨"
"N13","¥Û´ò¼V","ªL¨ô§Ê","","¨k","Á`·F¨Æ","¥Á¥DÄÒ","2015¦~10¤ë2¤é","","ªL¨ô§Ê"
"N13","¥Û´ò¼V","¼B¦J°·","","¨k","","","2015¦~10¤ë7¤é","","¼B¦J°·"
"N13","¥Û´ò¼V","¤ý¼í±j","","¨k","±Ð®v","¥Á«ØÁp","2015¦~10¤ë9¤é","","¤ý¼í±j"
"N14","¤Ñ¥­¦è","¶À§»·Ê","","¨k","°ÏÄ³­û","­»´ä¤u·|Áp¦X·|","2015¦~10¤ë2¤é","","¶À§»·Ê"
"N14","¤Ñ¥­¦è","¼ï¼wºa","","¨k","°h¥ð°Ó¤H","¥Á¥DÄÒ","2015¦~10¤ë2¤é","","¼ï¼wºa"
"N14","¤Ñ¥­¦è","§õ¬Fº³","","¨k","","¼ö¦å¤½¥Á","2015¦~10¤ë14¤é","","§õ¬Fº³"
"N15","»ñ»A","¹ù°êµØ","","¨k","°ÏÄ³­û","","2015¦~10¤ë8¤é","","¹ù°êµØ"
"N15","»ñ»A","¹ù¿³¬x","","¨k","°Ó¤H","¥Á«ØÁp","2015¦~10¤ë9¤é","","¹ù¿³¬x"
"N15","»ñ»A","§E¸U¥ú","","¨k","¦w¥þ¥D¥ô","","2015¦~10¤ë13¤é","","§E¸U¥ú"
"N16","¨F¥´","¦¶·R¥­","","¨k","","","2015¦~10¤ë6¤é","","¦¶·R¥­"
"N16","¨F¥´","<U+6E29>©M½÷","","¨k","°Ó¤H","¥Á«ØÁp","2015¦~10¤ë9¤é","","<U+6E29>©M½÷"
"N16","¨F¥´","´¿¥É¦w","","¨k","°h¥ð±Ð®v","","2015¦~10¤ë12¤é","","´¿¥É¦w"
"N16","¨F¥´","±i¶Q°]","","¨k","*ªÀ°Ï·F¨Æ","¥´¹ªÀ­©Wà|«O½Ã®a¶éÁp·ù","2015¦~10¤ë12¤é","","±i¶Q°]"
"N17","¤Ñ¥­ªF","¼B¨ä²l","","¨k","ªÀ°Ïµo®i¥D¥ô","¥Á¥DÄÒ","2015¦~10¤ë2¤é","","¼B¨ä²l"
"N17","¤Ñ¥­ªF","¬_­Å»ö","","¤k","°ÏÄ³­û","¥Á«ØÁp","2015¦~10¤ë9¤é","","¬_­Å»ö"
"N17","¤Ñ¥­ªF","§E´¼¦¨","","¨k","¦æ¬F¤H­û","¿W¥ß­Ô¿ï¤H","2015¦~10¤ë14¤é","","§E´¼¦¨"
"N18","¬Ó¦Z¤s","¾H®Ú¦~","","¨k","°Ó¤H","¥Á«ØÁp","2015¦~10¤ë9¤é","","¾H®Ú¦~"
"P01","¤j®H¼V","§õ°ê­^","","¨k","«ß®v","¥Á«ØÁp","2015¦~10¤ë8¤é","","§õ°ê­^"
"P01","¤j®H¼V","½²<U+548F>±ö","","¤k","®a®x¥D°ü","","2015¦~10¤ë15¤é","","½²<U+548F>±ö"
"P02","¤j®H¤¤","°ÏÂí¾ì","","¨k","¥þÂ¾°ÏÄ³­û/¸ê²`ªÀ°Ï¤u§@ªÌ","¥Á¥DÄÒ","2015¦~10¤ë5¤é","","°ÏÂí¾ì"
"P02","¤j®H¤¤","±ö¤Ö®p","","¨k","ªÀ°Ï¤u§@ªÌ","¥Á«ØÁp","2015¦~10¤ë8¤é","","±ö¤Ö®p"
"P02","¤j®H¤¤","¤å°¶±j","","¨k","Äá¼v®v","¿W¥ß","2015¦~10¤ë12¤é","","¤å°¶±j"
"P03","¹|¥Å","¹p¿Õ","","¨k","Ä³­û§U²z/­ÝÂ¾«Ç¤º³]­p®v","¥Á¥DÄÒ","2015¦~10¤ë5¤é","","¹p¿Õ"
"P03","¹|¥Å","ÃÓºa¾±","ÃÓSir","¨k","µù¥UªÀ¤u","¥Á«ØÁp","2015¦~10¤ë8¤é","","ÃÓºa¾±(ÃÓSIR)"
"P04","¤j¤¸","°ÏÂíÀÚ","","¨k","Ä³­û§U²z","¥Á¥DÄÒ","2015¦~10¤ë5¤é","","°ÏÂíÀÚ"
"P04","¤j¤¸","¾G«T¥­","","¨k","*¥þÂ¾°ÏÄ³­û","¥Á«ØÁp","2015¦~10¤ë8¤é","","¾G«T¥­"
"P05","´I¦ë","¤ý¬î¥_","","¨k","°ÏÄ³­û","¥Á«ØÁp","2015¦~10¤ë8¤é","","¤ý¬î¥_"
"P05","´I¦ë","¥ô¸U¥þ","","¨k","","","2015¦~10¤ë8¤é","","¥ô¸U¥þ"
"P06","©É´I","¥ô±Ò¨¹","","¨k","¥þÂ¾°ÏÄ³­û","·s¥Á¥D¦P·ù","2015¦~10¤ë5¤é","","¥ô±Ò¨¹"
"P06","©É´I","±i»ñ¿P","","¤k","°Ó¤H","¥Á«ØÁp","2015¦~10¤ë8¤é","","±i»ñ¿P"
"P07","´I©ú·s","³¯«iµØ","","¨k","ª÷¿ÄªA°È·~","¤uÁp·|","2015¦~10¤ë2¤é","","³¯«iµØ"
"P07","´I©ú·s","Ãö¥Ã·~","","¨k","¥þÂ¾°ÏÄ³­û","·s¥Á¥D¦P·ù","2015¦~10¤ë5¤é","","Ãö¥Ã·~"
"P08","¼sºÖ¤ÎÄ_´ò","¶ÀºÑ¼b","","¤k","*µù¥UªÀ¤u/¥þÂ¾°ÏÄ³­û","¥Á¥D«Ø´ä¨ó¶iÁp·ù","2015¦~10¤ë8¤é","","¶ÀºÑ¼b"
"P08","¼sºÖ¤ÎÄ_´ò","³¢¾ð¤¯","","¨k","¿ì¤½«Ç§U²z","","2015¦~10¤ë14¤é","","³¢¾ð¤¯"
"P08","¼sºÖ¤ÎÄ_´ò","©P¥°¶©","","¨k","ªÀ°Ï¤u§@ªÌ","","2015¦~10¤ë15¤é","","©P¥°¶©"
"P09","§»ºÖ","¤å©À§Ó","","¨k","Ä³­û§U²z","¥Á¥DÄÒ","2015¦~10¤ë5¤é","","¤å©À§Ó"
"P09","§»ºÖ","­J°·¥Á","","¨k","¦æ¬FºÞ²z","¥Á¥D«Ø´ä¨ó¶iÁp·ù","2015¦~10¤ë8¤é","","­J°·¥Á"
"P10","¤j®HÞ]","³¯¯ºÅv","","¨k","°ÏÄ³­û","*¿W¥ß­Ô¿ï¤H","2015¦~10¤ë7¤é","","³¯¯ºÅv"
"P11","¹BÀY¶í","§E´¼ºa","","¨k","¦æ¬F¤H­û/°ÏÄ³­û","*¿W¥ß­Ô¿ï¤H","2015¦~10¤ë7¤é","","§E´¼ºa"
"P11","¹BÀY¶í","¾GÞm","","¨k","ª÷¿ÄªA°È·~","¿W¥ß­Ô¿ï¤H","2015¦~10¤ë8¤é","","¾GÞm"
"P12","·s´I","­JÀA½÷","","¨k","°Ó°ÈÁ`ºÊ","","2015¦~10¤ë2¤é","","­JÀA½÷"
"P12","·s´I","³¢¥Ã°·","","¨k","¥þÂ¾°ÏÄ³­û","¤uÄÒ","2015¦~10¤ë8¤é","","³¢¥Ã°·"
"P12","·s´I","Ã¹¾å·¬","","¨k","¶Ç´C¥D¥ô","µLÄÒ¬£","2015¦~10¤ë9¤é","","Ã¹¾å·¬"
"P13","ªL§ø¨¦","³¯¨_¨}","","¨k","¥þÂ¾°ÏÄ³­û","­»´ä¸gÀÙ¥Á¥ÍÁp·ù","2015¦~10¤ë2¤é","","³¯¨_¨}"
"P13","ªL§ø¨¦","ªL¬K²»","","¨k","­ôº¸¤Ò²y±Ð½m","","2015¦~10¤ë8¤é","","ªL¬K²»"
"P13","ªL§ø¨¦","<U+6E29>¥Éºa","","¨k","ª÷¿Ä¬ì§Þ¤uµ{®v","¿W¥ß­Ô¿ï¤H","2015¦~10¤ë12¤é","","<U+6E29>¥Éºa"
"P14","Ä_¶®","©P¬¯Þ³","","¨k","¥ßªk·|Ä³­û§U²z","·s¥Á¥D¦P·ù","2015¦~10¤ë5¤é","","©P¬¯Þ³"
"P14","Ä_¶®","¶À®e®Ú","","¨k","º®·~","¥Á«ØÁp","2015¦~10¤ë8¤é","","¶À®e®Ú"
"P15","¤Ó©M","¾G«T©M","","¨k","°ÏÄ³­û","","2015¦~10¤ë2¤é","","¾G«T©M"
"P16","ÂÂ¼V¤Î¤Ó´ò","¼B«i«Â","ªü«Â","¨k","ªÀ°Ï¥D¥ô","¿W¥ß­Ô¿ï¤H","2015¦~10¤ë2¤é","","¼B«i«Â(ªü«Â)"
"P16","ÂÂ¼V¤Î¤Ó´ò","±i°ê¼z","","¨k","Àç¹BÁ`ºÊ","¥Á«ØÁp","2015¦~10¤ë8¤é","","±i°ê¼z"
"P17","±d¼Ö¶é","¾H»Ê®õ","","¨k","«Ø¿v¤uµ{®v","","2015¦~10¤ë8¤é","","¾H»Ê®õ"
"P17","±d¼Ö¶é","¤å¬K½÷","","¨k","¦æ¬FÅU°Ý","¸g¥ÁÁp","2015¦~10¤ë9¤é","","¤å¬K½÷"
"P18","²îÆW","¼B§Ó¦¨","³Õ¤h","¨k","°ÏÄ³­û/µù¥Uµ²ºc¤uµ{®v","*¿W¥ß­Ô¿ï¤H","2015¦~10¤ë3¤é","","¼B§Ó¦¨(³Õ¤h)"
"P19","¦è°^¥_","§õ¶Q¦³","","¨k","¹q¤l¹q¸£¤uµ{®v","","2015¦~10¤ë5¤é","","§õ¶Q¦³"
"P19","¦è°^¥_","§õµØ¥ú","","¨k","¤½¥q¸³¨Æ","¸g¥ÁÁp","2015¦~10¤ë12¤é","","§õµØ¥ú"
"Q01","¦è°^¥«¤¤¤ß","§d¥KºÖ","","¨k","¤½¥q¸³¨Æ","¥Á«ØÁp","2015¦~10¤ë2¤é","","§d¥KºÖ"
"Q01","¦è°^¥«¤¤¤ß","³¹¤h³Ç","","¨k","¦æ¬F¸³¨Æ","¿W¥ß­Ô¿ï¤H","2015¦~10¤ë13¤é","","³¹¤h³Ç"
"Q02","¥Õ¨FÆW","ªô¥³¨q","","¨k","°ÏÄ³­û","¥Á«ØÁp","2015¦~10¤ë2¤é","","ªô¥³¨q"
"Q02","¥Õ¨FÆW","®ú°¶©ú","","¨k","«Ø¿v®v","¿W¥ß­Ô¿ï¤H","2015¦~10¤ë13¤é","","®ú°¶©ú"
"Q03","¦è°^Â÷®q","§õ®a¨}","","¨k","¥þÂ¾°ÏÄ³­û","¥Á«ØÁp","2015¦~10¤ë2¤é","","§õ®a¨}"
"Q04","§|¤fªF","¼B°¶³¹","","¨k","¥þÂ¾°ÏÄ³­û","","2015¦~10¤ë2¤é","","¼B°¶³¹"
"Q04","§|¤fªF","¼B±Ó°]","","¨k","©v±Ð¤å¤Æ¦Û¥Ñ¤H","¿W¥ß","2015¦~10¤ë8¤é","","¼B±Ó°]"
"Q05","§|¤f¦è","ªô¥ÉÅï","","¨k","¥Á¿ï°ÏÄ³­û/§Þ³N¥D¥ô","¥Á«ØÁp","2015¦~10¤ë2¤é","","ªô¥ÉÅï"
"Q05","§|¤f¦è","³°¨q­s","","¤k","¬Fµ¦¬ã¨s·F¨Æ","¿W¥ß­Ô¿ï¤H","2015¦~10¤ë12¤é","","³°¨q­s"
"Q06","Ä_©É","§d³·¤s","","¨k","¥Á¿ï°ÏÄ³­û","¤uÁp·|","2015¦~10¤ë2¤é","","§d³·¤s"
"Q06","Ä_©É","ÁÂ¥¿·¬","","¨k","µù<U+518C>ªÀ¤u","¥Á¥DÄÒ","2015¦~10¤ë10¤é","","ÁÂ¥¿·¬"
"Q06","Ä_©É","³¯ÆA¯]","","¤k","½Õ¸Ñ­û","","2015¦~10¤ë15¤é","","³¯ÆA¯]"
"Q07","ºû´º","¶À¦¨¥ú","","¨k","°h¥ð","","2015¦~10¤ë10¤é","","¶À¦¨¥ú"
"Q07","ºû´º","³¯Ä~°¶","","¨k","°ÏÄ³­û","¿W¥ß­Ô¿ï¤H","2015¦~10¤ë14¤é","","³¯Ä~°¶"
"Q08","³£µ½","²öÂ¸¦w","","¤k","¤½¥q¸³¨Æ","¿W¥ß­Ô¿ï¤H","2015¦~10¤ë5¤é","","²öÂ¸¦w"
"Q08","³£µ½","®]¬f¤å","","¨k","°]¸g¤Î®É¨Æµû½×­û","¿W¥ß­Ô¿ï¤H","2015¦~10¤ë6¤é","","®]¬f¤å"
"Q08","³£µ½","±i®iÄP","","¨k","*¤½¥q¸³¨Æ","*¿W¥ß­Ô¿ï¤H(µL¬FÄÒ¡^","2015¦~10¤ë7¤é","","±i®iÄP"
"Q08","³£µ½","Ä¬¯E","","¨k","¥ßªk·|Ä³­û§U²z","¤H¥Á¤O¶q/«e<U+7DAB>","2015¦~10¤ë9¤é","","Ä¬¯E"
"Q09","°·©ú","©P®a¼Ö","","¨k","","*¥Á«ØÁp","2015¦~10¤ë2¤é","","©P®a¼Ö"
"Q09","°·©ú","±ç¨½","","¨k","°ÏÄ³­û","·s¥Á¥D¦P·ù","2015¦~10¤ë3¤é","","±ç¨½"
"Q10","±m°·","§dªFªe","","¨k","","*¥Á«ØÁp","2015¦~10¤ë2¤é","","§dªFªe"
"Q10","±m°·","¦ó¥Á³Ç","","¨k","¦è°^¥Á¿ï°ÏÄ³­û","¿W¥ß­Ô¿ï¤H","2015¦~10¤ë6¤é","","¦ó¥Á³Ç"
"Q11","¿D­ð","°ª¥ÃÁp","","¨k","","¤uÁp·|","2015¦~10¤ë2¤é","","°ª¥ÃÁp"
"Q11","¿D­ð","§f¤å¥ú","","¨k","Ä³­û§U²z","·s¥Á¥D¦P·ù","2015¦~10¤ë3¤é","","§f¤å¥ú"
"Q11","¿D­ð","¼Ú¶§¯E±X","","¨k","","¿W¥ß­Ô¿ï¤H","2015¦~10¤ë13¤é","","¼Ú¶§¯E±X"
"Q12","´I§g","¥Û»·±d","","¨k","","","2015¦~10¤ë7¤é","","¥Û»·±d"
"Q12","´I§g","³°¥­¤~","","¨k","±Ð®v","","2015¦~10¤ë10¤é","","³°¥­¤~"
"Q12","´I§g","§f¼C»¨","","¨k","¶µ¥Ø¤uµ{®v","*¿W¥ßµL¬FÄÒ","2015¦~10¤ë13¤é","","§f¼C»¨"
"Q13","­xÄ_","¶À¤Ñ¦ö","","¨k","¨Æ°È«ß®v","*¿W¥ß­Ô¿ï¤H","2015¦~10¤ë2¤é","","¶À¤Ñ¦ö"
"Q13","­xÄ_","¾¤»Ê¿A","","¨k","Ä³­û§U²z","·s¥Á¥D¦P·ù","2015¦~10¤ë3¤é","","¾¤»Ê¿A"
"Q13","­xÄ_","§õ·s","","¨k","°õ·~·|­p®v","*¿W¥ß­Ô¿ï¤H","2015¦~10¤ë8¤é","","§õ·s"
"Q13","­xÄ_","³¯®i¯C","","¨k","¥þÂ¾ªÀ°Ï¥D¥ô","¿W¥ß¥Á¥D¬£","2015¦~10¤ë9¤é","","³¯®i¯C"
"Q13","­xÄ_","§õ°ê°ö","","¨k","°h¥ð¤½°È­û","","2015¦~10¤ë12¤é","","§õ°ê°ö"
"Q14","«n¦w","§E±Ò¬z","","¨k","","¤uÁp·|","2015¦~10¤ë2¤é","","§E±Ò¬z"
"Q14","«n¦w","©P½å©ú","","¨k","ªÀ¤u","¿W¥ß­Ô¿ï¤H","2015¦~10¤ë12¤é","","©P½å©ú"
"Q15","±d´º","³¯°·¯C","","¨k","","·s¥ÁÄÒ/¤½¥Á¤O¶q","2015¦~10¤ë5¤é","","³¯°·¯C"
"Q15","±d´º","ªL¤Ö©¾","","¨k","¥þÂ¾°ÏÄ³­û","¥Á¥DÄÒ","2015¦~10¤ë10¤é","","ªL¤Ö©¾"
"Q16","»AªL","ÃÓ»â«ß","","¨k","*µù<U+518C>ªÀ¤u/°ÏÄ³­û","·s¥ÁÄÒ/¤½¥Á¤O¶q","2015¦~10¤ë5¤é","","ÃÓ»â«ß"
"Q16","»AªL","³¯·½±l","","¨k","¤½¥q¸³¨Æ","","2015¦~10¤ë10¤é","","³¯·½±l"
"Q17","<U+5BF3>ªL","°Ï¯àµo","","¨k","¥þÂ¾°ÏÄ³­û","·s¥ÁÄÒ/¤½¥Á¤O¶q","2015¦~10¤ë5¤é","","°Ï¯àµo"
"Q17","<U+5BF3>ªL","±i§Ó¸³","","¨k","¤½¥q¸³¨Æ/ªÀ°Ï·F¨Æ","","2015¦~10¤ë10¤é","","±i§Ó¸³"
"Q17","<U+5BF3>ªL","¶À¼ÖµM","","¨k","¤½¥q¸³¨Æ","¦Û¥ÑÄÒ","2015¦~10¤ë14¤é","","¶À¼ÖµM"
"Q18","ªY­^","ÁéÀAÅï","","¨k","°ÏÄ³­û","·s¥Á¥D¦P·ù","2015¦~10¤ë3¤é","","ÁéÀAÅï"
"Q18","ªY­^","±i¸Ö<U+7FFA>","","¨k","","·s¥ÁÄÒ/¤½¥Á¤O¶q","2015¦~10¤ë5¤é","2015¦~10¤ë10¤é°h¿ï","±i¸Ö<U+7FFA>"
"Q18","ªY­^","·¨¯E¬u","¬u¥J","¨k","¦a°Ï·F¨Æ","¦Û¥ÑÄÒ","2015¦~10¤ë9¤é","","·¨¯E¬u(¬u¥J)"
"Q18","ªY­^","¹ù¤lÁo","¤lÁo","¨k","ª÷¿Ä±q·~­û","·s¥ÁÄÒ/¤½¥Á¤O¶q","2015¦~10¤ë13¤é","","¹ù¤lÁo(¤lÁo)"
"Q19","¹B¦ë","¥Ó°¶°ò","","¨k","«ß®v","*µLÄÒ¬£­Ô¿ï¤H","2015¦~10¤ë2¤é","","¥Ó°¶°ò"
"Q19","¹B¦ë","­S°ê«Â","","¨k","°ÏÄ³­û/¥ßªk·|Ä³­û","·s¥Á¥D¦P·ù","2015¦~10¤ë3¤é","","­S°ê«Â"
"Q19","¹B¦ë","¾¤¤lµØ","","¨k","*¶Ç´C¤u§@ªÌ","¿W¥ß","2015¦~10¤ë7¤é","","¾¤¤lµØ"
"Q20","´ºªL","<U+6E29>±Ò©ú","","¨k","","¥Á«ØÁp","2015¦~10¤ë2¤é","","<U+6E29>±Ò©ú"
"Q20","´ºªL","ªL<U+548F>µM","","¨k","¥þÂ¾Ä³­û","¥Á¥DÄÒ","2015¦~10¤ë10¤é","","ªL<U+548F>µM"
"Q21","«p¼w","­â¤å®ü","","¨k","°ÏÄ³­û","¥Á«ØÁp","2015¦~10¤ë2¤é","","­â¤å®ü"
"Q21","«p¼w","´¿¯E¤å","","¨k","","¥Á¥DÄÒ","2015¦~10¤ë10¤é","","´¿¯E¤å"
"Q22","´IÂÅ","³¯³Õ´¼","","¨k","°ÏÄ³­û","¥Á«ØÁp","2015¦~10¤ë2¤é","","³¯³Õ´¼"
"Q22","´IÂÅ","³¯Ä£»Ê","","¨k","ªÀ°ÏÅU°Ý","¿W¥ß¥Á¥D¬£","2015¦~10¤ë10¤é","","³¯Ä£»Ê"
"Q23","¼w©ú","<U+6E29>®®©÷","","¨k","°ÏÄ³­û","·s¥ÁÄÒ/¤½¥Á¤O¶q","2015¦~10¤ë5¤é","","<U+6E29>®®©÷"
"Q24","©|¼w","½²°®¥¿","½²¬K¾å","¨k","«Ç¤º³]­p®v","¿W¥ß­Ô¿ï¤H","2015¦~10¤ë2¤é","","½²°®¥¿(½²¬K¾å)"
"Q24","©|¼w","Â²¥ü¸R","","¨k","¥þÂ¾¥Á¿ï°ÏÄ³­û","¤uÁp·|","2015¦~10¤ë2¤é","","Â²¥ü¸R"
"Q24","©|¼w","¶À½÷","","¨k","®a©~ºû­×§Þ³N­û","¤H¥Á¤O¶q/«e<U+7DAB>","2015¦~10¤ë9¤é","","¶À½÷"
"Q25","¼s©ú","²ø¤¸Ð¤","","¨k","¥þÂ¾°ÏÄ³­û","¥Á«ØÁp","2015¦~10¤ë2¤é","","²ø¤¸Ð¤"
"Q25","¼s©ú","µÎ§µ³Ç","","¨k","¹B¿é¤½¥qªF¥D","","2015¦~10¤ë5¤é","","µÎ§µ³Ç"
"Q25","¼s©ú","½²©úÁH","","¨k","§U²z¤uµ{®v","*¿W¥ß¥Á¥D¬£","2015¦~10¤ë13¤é","","½²©úÁH"
"Q26","Àô«O¥_","±Z©w¨¹","ªü¨¹","¨k","¦a°Ï·F¨Æ","¦Û¥ÑÄÒ","2015¦~10¤ë2¤é","","±Z©w¨¹(ªü¨¹)"
"Q26","Àô«O¥_","¤è°ê¬À","­þ¦\","¤k","Àô«O°Ï¥Á¿ï°ÏÄ³­û/¤uµ{®v","¿W¥ß­Ô¿ï¤H","2015¦~10¤ë13¤é","","¤è°ê¬À(­þ¦\)"
"Q27","Àô«O«n","­JºïÁ¾","","¨k","¥ßªk·|Ä³­û§U²z","¥Á«ØÁp","2015¦~10¤ë2¤é","","­JºïÁ¾"
"Q27","Àô«O«n","±i¬ü¶¯","","¨k","¥þÂ¾Àô«O°ÏÄ³­û§U²z","¿W¥ß­Ô¿ï¤H","2015¦~10¤ë12¤é","","±i¬ü¶¯"
"R01","¨F¥Ð¥«¤¤¤ß","¶À¦Û«i","","¨k","¬ì§Þ¤½¥q¸³¨Æ","¥Á«ØÁp","2015¦~10¤ë7¤é","","¶À¦Û«i"
"R01","¨F¥Ð¥«¤¤¤ß","<U+885E>¼y²»","","¨k","°ª¯Å°ÆÁ`µô","ªx¥Á°Ï¿ïÁp·ù","2015¦~10¤ë13¤é","","<U+885E>¼y²»"
"R02","Ãw·½","¶À¯E»Ê","","¨k","ªÀ·|¬Fµ¦¥D¥ô","ªÀ·|¥Á¥D³s½u","2015¦~10¤ë7¤é","","¶À¯E»Ê"
"R02","Ãw·½","¶À¦t¿«","","¨k","°ÏÄ³­û","¤½¥Á¤O¶q/·s¥ÁÄÒ","2015¦~10¤ë8¤é","","¶À¦t¿«"
"R03","¥Ýà|<U+90A8>","§õ¼wµØ","","¨k","§Þ³N¸g²z","","2015¦~10¤ë6¤é","","§õ¼wµØ"
"R03","¥Ýà|<U+90A8>","§E­Å¶²","","¤k","¥þÂ¾°ÏÄ³­û","¥Á«ØÁp","2015¦~10¤ë7¤é","","§E­Å¶²"
"R03","¥Ýà|<U+90A8>","§õÞm¾W","","¨k","¥þÂ¾ªÀ°Ï¥D¥ô","¤H¥Á¤O¶q","2015¦~10¤ë7¤é","","§õÞm¾W"
"R04","²Ä¤@«°","¶À¹Åºa","","¨k","°ÏÄ³­û","·s¥ÁÄÒ","2015¦~10¤ë8¤é","","¶À¹Åºa"
"R05","´r«°","±ç®a½÷","","¨k","°ÏÄ³­û","·s¥ÁÄÒ/¤½¥Á¤O¶q","2015¦~10¤ë8¤é","","±ç®a½÷"
"R06","¤ý«Î","¾¤±ê®¦","","¨k","¥þÂ¾ªÀ°ÏªA°È","¿W¥ß","2015¦~10¤ë10¤é","","¾¤±ê®¦"
"R06","¤ý«Î","±ç§Ó°¶","","¨k","¥þÂ¾°ÏÄ³­û","¦Û¥ÑÄÒ","2015¦~10¤ë12¤é","","±ç§Ó°¶"
"R07","¨F¨¤","³¯¥ü¶§","","¨k","Ä³­û§U²z","·s¥Á¥D¦P·ù","2015¦~10¤ë2¤é","","³¯¥ü¶§"
"R07","¨F¨¤","·¨­Å¬õ","","¤k","°ÏÄ³­û","·s¥ÁÄÒ/¤½¥Á¤O¶q","2015¦~10¤ë5¤é","","·¨­Å¬õ"
"R08","³Õ±d","»¯¬WÀ°","","¨k","Ä³­û§U²z","·s¥Á¥D¦P·ù","2015¦~10¤ë2¤é","","»¯¬WÀ°"
"R08","³Õ±d","³¯°ê²K","","¨k","°ÏÄ³­û","¤½¥Á¤O¶q/·s¥ÁÄÒ","2015¦~10¤ë2¤é","","³¯°ê²K"
"R09","¤A©ú","¸­®a©ú","","¨k","*°ª¯Å¸g²z¡]ª«·~¤Î³]¬I¡^","·s¥ÁÄÒ/¤½¥Á¤O¶q","2015¦~10¤ë2¤é","","¸­®a©ú"
"R09","¤A©ú","¥C¤å«T","","¨k","¥þÂ¾°ÏÄ³­û","·s¥Á¥D¦P·ù","2015¦~10¤ë2¤é","","¥C¤å«T"
"R09","¤A©ú","©PªÃÁ¾","Á¾¥J","¨k","ªÀ°Ïµo®i·F¨Æ","¸g¥ÁÁp","2015¦~10¤ë2¤é","","©PªÃÁ¾(Á¾¥J)"
"R10","¯³Â×","±ç®aÞ³","","¨k","*ªÀ°Ïµo®i¥D¥ô","·s¥ÁÄÒ/¤½¥Á¤O¶q","2015¦~10¤ë2¤é","","±ç®aÞ³"
"R10","¯³Â×","³¯¿ÕùÚ","","¨k","°ÏÄ³­û","¥Á¥DÄÒ","2015¦~10¤ë2¤é","","³¯¿ÕùÚ"
"R11","·s¥Ð³ò","§õ¼Ö©ý","","¤k","¥ßªk·|Ä³­û§U²z","¤uÁp·|","2015¦~10¤ë2¤é","","§õ¼Ö©ý"
"R11","·s¥Ð³ò","µ{±iªï","","¨k","¤¤¾Ç±Ð®v","¥Á¥DÄÒ","2015¦~10¤ë2¤é","","µ{±iªï"
"R12","»A¥Ð","³\<U+92ED>¦t","","¨k","¬Fµ¦¬ã¨s","·s¥Á¥D¦P·ù","2015¦~10¤ë2¤é","","³\<U+92ED>¦t"
"R12","»A¥Ð","¶À¿A¼Ð","","¨k","°ÏÄ³­û","¤½¥Á¤O¶q/·s¥ÁÄÒ","2015¦~10¤ë8¤é","","¶À¿A¼Ð"
"R13","Åã¹Å","ªLªQ¯ô","","¤k","°ÏÄ³­û/µù¥UªÀ¤u","¤½¥Á¤O¶q/·s¥ÁÄÒ","2015¦~10¤ë3¤é","","ªLªQ¯ô"
"R13","Åã¹Å","²ö°¶¶¯","","¨k","µù¥UªÀ¤u/«ùµPÀç·~­û","¥Á¥DÄÒ","2015¦~10¤ë7¤é","","²ö°¶¶¯"
"R14","¤U«°ªù","­ð¾Ç¨}","","¨k","*ªÀ°Ïµo®i¥D¥ô","*·s¥ÁÄÒ/¤½¥Á¤O¶q","2015¦~10¤ë2¤é","","­ð¾Ç¨}"
"R14","¤U«°ªù","§õ·½ÀA","","¨k","°h¥ð","","2015¦~10¤ë2¤é","","§õ·½ÀA"
"R14","¤U«°ªù","²øÄ£¶Ô","","¨k","°ÏÄ³­û/°õ·~·|­p®v","","2015¦~10¤ë5¤é","","²øÄ£¶Ô"
"R15","¶³«°","¦ó«p²»","","¨k","°ÏÄ³­û","·s¥ÁÄÒ/¤½¥Á¤O¶q","2015¦~10¤ë2¤é","","¦ó«p²»"
"R15","¶³«°","¶À¨}³ß","","¨k","¤½¥q¸³¨Æ","¿W¥ß¥Á¥D¬£","2015¦~10¤ë9¤é","","¶À¨}³ß"
"R15","¶³«°","±i¼wºa","","¨k","°h¥ðÄá¼v°OªÌ","","2015¦~10¤ë14¤é","","±i¼wºa"
"R16","®|¤f","¦ó°êµØ","","¨k","°õ·~·|­p®v","¤½¥Á¤O¶q/·s¥ÁÄÒ","2015¦~10¤ë3¤é","","¦ó°êµØ"
"R16","®|¤f","§dÀA¶¯","","¨k","¨F¥Ð°ÏÄ³­û","¥Á¥DÄÒ","2015¦~10¤ë7¤é","","§dÀA¶¯"
"R16","®|¤f","·¨°¶·~","","¨k","","","2015¦~10¤ë15¤é","","·¨°¶·~"
"R17","¥Ð¤ß","¼ï°ê¤s","","¨k","°ÏÄ³­û","·s¥ÁÄÒ/¤½¥Á¤O¶q","2015¦~10¤ë5¤é","","¼ï°ê¤s"
"R18","»A¹Å","­³¼wÅï","","¨k","ªÀ°Ïµo®i¥D¥ô","·s¥ÁÄÒ/¤½¥Á¤O¶q","2015¦~10¤ë2¤é","","­³¼wÅï"
"R18","»A¹Å","§õ¥@ÂE","","¨k","¦æ¬F¥D¥ô","·s¥Á¥D¦P·ù","2015¦~10¤ë2¤é","","§õ¥@ÂE"
"R18","»A¹Å","§õÀA©ú","","¨k","¨F¥Ð°ÏÄ³­û","","2015¦~10¤ë12¤é","","§õÀA©ú"
"R19","¤j³ò","¸³°·²ú","ªü²ú","¤k","¥þÂ¾°ÏÄ³­û","¥Á«ØÁp","2015¦~10¤ë7¤é","","¸³°·²ú(ªü²ú)"
"R19","¤j³ò","±çÂí°a","","¨k","","¨F¥ÐªÀ°Ïºôµ¸","2015¦~10¤ë8¤é","","±çÂí°a"
"R20","ªQ¥Ð","¾H¥Ã©÷","","¨k","ª÷¿ÄÃÒ¨é±q·~­û","¤½¥Á¤O¶q/·s¥ÁÄÒ","2015¦~10¤ë2¤é","","¾H¥Ã©÷"
"R20","ªQ¥Ð","³Ò¶V¬w","","¨k","¤¤¾Ç¦Ñ®v","","2015¦~10¤ë6¤é","","³Ò¶V¬w"
"R20","ªQ¥Ð","¶À¾ÇÂ§","","¨k","¥þÂ¾ªÀ°Ï¥D¥ô","¨F¥ÐªÀ°Ïºôµ¸","2015¦~10¤ë9¤é","","¶À¾ÇÂ§"
"R21","ÁJ¥Ý","´^ªø½n","","¨k","","¥Á«ØÁp","2015¦~10¤ë7¤é","","´^ªø½n"
"R21","ÁJ¥Ý","ªô´¼°í","ªü°í","¨k","¨t²Î¤ÀªR­û","¤½¥ÁÄÒ","2015¦~10¤ë10¤é","","ªô´¼°í(ªü°í)"
"R21","ÁJ¥Ý","§õ·çÁø","","¤k","ªá©±ªF¥D","","2015¦~10¤ë13¤é","","§õ·çÁø"
"R22","¤õ¬´","Ãe·RÄõ","","¤k","ÃÄ¾¯®v","","2015¦~10¤ë5¤é","","Ãe·RÄõ"
"R22","¤õ¬´","³¯¤åÞk","","¨k","¶µ¥Ø·F¨Æ","¤½¥ÁÄÒ","2015¦~10¤ë10¤é","","³¯¤åÞk"
"R23","Â@°¨","¦ó°¶¼Ö","","¨k","¦a°Ï·F¨Æ","¦Û¥ÑÄÒ","2015¦~10¤ë2¤é","","¦ó°¶¼Ö"
"R23","Â@°¨","¿½Åã¯è","","¨k","¥þÂ¾°ÏÄ³­û","","2015¦~10¤ë6¤é","","¿½Åã¯è"
"R23","Â@°¨","¾Gºa©v","","¨k","IT¸g²z","","2015¦~10¤ë15¤é","","¾Gºa©v"
"R24","¹|¦w","¸­ºa","","¨k","Ä³­û§U²z","¤uÄÒ","2015¦~10¤ë3¤é","","¸­ºa"
"R24","¹|¦w","¸¯¯\¦|","","¤k","¥ßªk·|Ä³­û/°ÏÄ³­û","¥Á«ØÁp","2015¦~10¤ë7¤é","","¸¯¯\¦|"
"R25","ÀAÀÜ","·¨¤å<U+92ED>","","¨k","°ÏÄ³­û/¼Æ½X´CÅéµ¦²¤ÅU°Ý","¥Á«ØÁp","2015¦~10¤ë7¤é","","·¨¤å<U+92ED>"
"R25","ÀAÀÜ","³¯°ê±j","","¨k","¸³¨Æ","","2015¦~10¤ë14¤é","","³¯°ê±j"
"R26","°¨¾b¤s¥«¤¤¤ß","§õ¤lºa","","¨k","¤¤¾Ç±Ð®v","","2015¦~10¤ë3¤é","","§õ¤lºa"
"R26","°¨¾b¤s¥«¤¤¤ß","¤å§Ó°¶","","¨k","","¿W¥ß¥Á¥D¬£","2015¦~10¤ë15¤é","","¤å§Ó°¶"
"R27","§Q¦w","¦¿¨ô°¶","","¨k","´ú¶q","","2015¦~10¤ë5¤é","","¦¿¨ô°¶"
"R27","§Q¦w","Ã¹´Ð¸©","","¤k","¤¤¤ß¥D¥ô","¥Á«ØÁp","2015¦~10¤ë8¤é","","Ã¹´Ð¸©"
"R27","§Q¦w","³Á¼í°ö","³Á¥J","¨k","°ÏÄ³­û/µù¥UªÀ¤u","¥Á¥D°Ê¤O","2015¦~10¤ë13¤é","","³Á¼í°ö(³Á¥J)"
"R28","´IÀs","Ã¹¥ú±j","","¨k","¥þÂ¾°ÏÄ³­û","¤½¥Á¤O¶q/·s¥ÁÄÒ","2015¦~10¤ë6¤é","","Ã¹¥ú±j"
"R28","´IÀs","´¿¯ÀÄR","","¤k","Ä³­û§U²z","¥Á¥DÄÒ","2015¦~10¤ë7¤é","","´¿¯ÀÄR"
"R29","¯Q·Ë¨F","¿½¾_µM","","¨k","¤j«ß®v","¥Á«ØÁp","2015¦~10¤ë7¤é","","¿½¾_µM"
"R29","¯Q·Ë¨F","§õ¥Ã¦¨","","¨k","¥ßªk·|Ä³­û§U²z","¥Á¥DÄÒ","2015¦~10¤ë7¤é","","§õ¥Ã¦¨"
"R30","ÀA­^","§õÄ_©f","ÀN¤Ó","¤k","","","2015¦~10¤ë5¤é","","§õÄ_©f(ÀN¤Ó)"
"R30","ÀA­^","¤B¥K¤¸","¤B¥J","¨k","¥ßªk·|Ä³­û§U²z","¥Á¥DÄÒ","2015¦~10¤ë7¤é","","¤B¥K¤¸(¤B¥J)"
"R30","ÀA­^","Ã¹¥ü<U+51B2>","","¨k","¦Û¹µ: ¹q¸£ºû­×­û","","2015¦~10¤ë9¤é","","Ã¹¥ü<U+51B2>"
"R30","ÀA­^","´öÄ_¬Ã","","¤k","°ÏÄ³­û","","2015¦~10¤ë14¤é","","´öÄ_¬Ã"
"R31","Ä£¦w","§õ¥@ºa","","¨k","°ÏÄ³­û","¥Á«ØÁp/·sªÀÁp","2015¦~10¤ë10¤é","","§õ¥@ºa"
"R31","Ä£¦w","±iºÑÁø","","¤k","","","2015¦~10¤ë13¤é","","±iºÑÁø"
"R32","ùÚ¦w","ªL¼w°¶","","¨k","ªÀ°Ï¤u§@ªÌ","­»´ä¤u·|Áp¦X·|","2015¦~10¤ë2¤é","","ªL¼w°¶"
"R32","ùÚ¦w","¾G«h¤å","","¨k","°ÏÄ³­û","¥Á¥DÄÒ","2015¦~10¤ë7¤é","","¾G«h¤å"
"R33","¾b®õ","¶À®a³Ó","","¨k","¦a½LºÞ¤u","","2015¦~10¤ë5¤é","","¶À®a³Ó"
"R33","¾b®õ","©Û¤å«G","","¨k","°ÏÄ³­û","¥Á«ØÁp","2015¦~10¤ë7¤é","","©Û¤å«G"
"R33","¾b®õ","´å¤ëµØ","","¤k","¤½¥q¸³¨Æ","¥Á¥DÄÒ","2015¦~10¤ë7¤é","","´å¤ëµØ"
"R34","¤j¤ô§|","±i¤l½å","","¨k","ªÀ°Ï·F¨Æ","¥Á«ØÁp","2015¦~10¤ë7¤é","","±i¤l½å"
"R34","¤j¤ô§|","®eÞH¦à","","¨k","°ÏÄ³­û","","2015¦~10¤ë13¤é","","®eÞH¦à"
"R35","´rªY","«À¹Å«T","","¨k","°ÏÄ³­û","·s¥ÁÄÒ/¤½¥Á¤O¶q","2015¦~10¤ë2¤é","","«À¹Å«T"
"R36","ºÑ´ò","¯Î·R©ú","","¤k","Â¾­û","","2015¦~10¤ë3¤é","","¯Î·R©ú"
"R36","ºÑ´ò","¼B°¶­Û","","¨k","¥þÂ¾°ÏÄ³­û","","2015¦~10¤ë6¤é","","¼B°¶­Û"
"R36","ºÑ´ò","<U+9EC4>¦Bªâ","","¤k","µù<U+518C>ªÀ¤u","¥Á«ØÁp","2015¦~10¤ë8¤é","","<U+9EC4>¦Bªâ"
"R37","¼s±d","§d´fÆF","","¤k","¤å®Ñ¥D¥ô","¤uÄÒ","2015¦~10¤ë3¤é","","§d´fÆF"
"R37","¼s±d","¤ýªê¥Í","","¨k","¶T©ö","¥Á«ØÁp","2015¦~10¤ë7¤é","","¤ýªê¥Í"
"R37","¼s±d","½²®¶¶W","","¨k","¦h´CÅé»s§@¤½¥q³Ð¿ì¤H","¿W¥ß¤H¤h","2015¦~10¤ë12¤é","","½²®¶¶W"
"R38","¼s·½","³¯±Ó®S","","¤k","¥þÂ¾°ÏÄ³­û","·s¥ÁÄÒ/¤½¥Á¤O¶q","2015¦~10¤ë2¤é","","³¯±Ó®S"
"R38","¼s·½","§º¤l©ú","","¨k","¥q¾÷/´Î²y±Ð½m","¤uÄÒ","2015¦~10¤ë3¤é","","§º¤l©ú"
"S01","¸ª¿³","±ç§Ó»¨","","¨k","ªÀ°Ï¤u§@ªÌ","¤uÁp·|","2015¦~10¤ë5¤é","","±ç§Ó»¨"
"S01","¸ª¿³","±ç§Ó¦¨","","¨k","¦C¨®¨®ªø","µó§{¤u¤ÍªA°È³B","2015¦~10¤ë13¤é","","±ç§Ó¦¨"
"S02","¸ª²±ªF<U+90A8>","§Å¨°¥V","","¤k","ªÀ°Ï¥D¥ô","¥Á«ØÁp","2015¦~10¤ë2¤é","","§Å¨°¥V"
"S02","¸ª²±ªF<U+90A8>","±ç¼s©÷","","¨k","¸f¼@¹Î¥«³õ±À¼s¸g²z","¿W¥ßµLÄÒ¬£","2015¦~10¤ë7¤é","","±ç¼s©÷"
"S02","¸ª²±ªF<U+90A8>","©P°¶¶¯","","¨k","°ÏÄ³­û","µó§{¤u¤ÍªA°È³B","2015¦~10¤ë13¤é","","©P°¶¶¯"
"S02","¸ª²±ªF<U+90A8>","³¯¥É¬Â","","¤k","ªÀ¹Î·F¨Æ","","2015¦~10¤ë14¤é","","³¯¥É¬Â"
"S03","¤W¤jºÛ¤f","³\¸R²»","","¨k","°ÏÄ³­û","¥Á¥DÄÒ","2015¦~10¤ë2¤é","","³\¸R²»"
"S03","¤W¤jºÛ¤f","¼B®iÄP","","¨k","","­»´ä¤u·|Áp¦X·|","2015¦~10¤ë5¤é","","¼B®iÄP"
"S04","¤U¤jºÛ¤f","¶À¬±Åv","","¨k","¥þÂ¾°ÏÄ³­û","¥Á¥DÄÒ","2015¦~10¤ë2¤é","","¶À¬±Åv"
"S04","¤U¤jºÛ¤f","±i°¶¤å","","¨k","°ª¯Åºû­×§Þ¤u","¤uÁp·|","2015¦~10¤ë5¤é","","±i°¶¤å"
"S05","¸ª¯F<U+90A8>¥_","±ç±^»Ê","","¨k","·|­p®v/ªÀ°Ï¤u§@ªÌ","¥Á«ØÁp","2015¦~10¤ë8¤é","","±ç±^»Ê"
"S05","¸ª¯F<U+90A8>¥_","±çÀA«Â","","¨k","°ÏÄ³­û","µó§{¤u¤ÍªA°È³B","2015¦~10¤ë13¤é","","±çÀA«Â"
"S06","¸ª¯F<U+90A8>«n","§õ§»<U+5CEF>","","¨k","µù¥U±Ð®v","¥Á«ØÁp","2015¦~10¤ë8¤é","","§õ§»<U+5CEF>"
"S06","¸ª¯F<U+90A8>«n","¶À¼í¹F","","¨k","°ÏÄ³­û","µó§{¤u¤ÍªA°È³B","2015¦~10¤ë13¤é","","¶À¼í¹F"
"S07","¥Û½®","§õ¥@¶©","","¨k","ªÀ°Ï¥D¥ô","¥Á«ØÁp","2015¦~10¤ë2¤é","","§õ¥@¶©"
"S07","¥Û½®","¤¨¥ü°í","","¨k","°ÏÄ³­û","¥Á¥DÄÒ","2015¦~10¤ë3¤é","","¤¨¥ü°í"
"S08","¦w½®","±ç¤l¿o","","¨k","¤¤¾Ç±Ð®v","­»´ä¤u·|Áp¦X·|¡]¤uÁp·|¡^","2015¦~10¤ë7¤é","","±ç¤l¿o"
"S08","¦w½®","±ç¥ÃÅv","","¨k","§ÓÄ@¾÷ºc¶µ¥Ø¥D¥ô","¥Á¥DÄÒ","2015¦~10¤ë13¤é","","±ç¥ÃÅv"
"S09","¥ÛÆX«n","§d®a¶W","","¨k","ªÀ°Ïµo®i¥D¥ô","·s¥ÁÄÒ","2015¦~10¤ë5¤é","","§d®a¶W"
"S09","¥ÛÆX«n","±ç°êµØ","","¨k","¥þÂ¾°ÏÄ³­û","¥Á¥DÄÒ","2015¦~10¤ë9¤é","","±ç°êµØ"
"S10","¥ÛÆX¥_","±iêM´A","","¤k","ªÀ°Ï¥D¥ô","¥Á«ØÁp","2015¦~10¤ë2¤é","","±iêM´A"
"S10","¥ÛÆX¥_","ªL²Ð½÷","","¨k","¸ª«C°ÏÄ³­û","¥Á¥DÄÒ","2015¦~10¤ë9¤é","","ªL²Ð½÷"
"S11","¤j¥Õ¥Ð","³¢ªÜ»T","","¤k","ªÀ°Ï¥D¥ô","¥Á«ØÁp","2015¦~10¤ë2¤é","","³¢ªÜ»T"
"S11","¤j¥Õ¥Ð","®}¥Í¶¯","","¨k","¥þÂ¾°ÏÄ³­û","¥Á¥DÄÒ","2015¦~10¤ë13¤é","","®}¥Í¶¯"
"S12","¸ªªÚ","³¯¸UÁpÀ³","","¨k","µù¥UªÀ¤u","´ä¤E³Ò¤uªÀ¹ÎÁp·|","2015¦~10¤ë9¤é","","³¯¸UÁpÀ³"
"S12","¸ªªÚ","±çÄ£©¾","","¨k","¥þÂ¾Ä³­û","µó§{¤u¤ÍªA°È³B","2015¦~10¤ë13¤é","","±çÄ£©¾"
"S13","µØÄR","¶ÀÄ£Áo","","¨k","°ÏÄ³­û","­»´ä¸gÀÙ¥Á¥ÍÁp·ù","2015¦~10¤ë2¤é","","¶ÀÄ£Áo"
"S13","µØÄR","À¹¨K¬À","","¤k","°h¥ð","","2015¦~10¤ë2¤é","","À¹¨K¬À"
"S13","µØÄR","¨¿°ê°ò","","¨k","«e¡u¥qªk¾÷ºc¡vªk®x®Ñ°O","¿W¥ß­Ô¿ï¤H","2015¦~10¤ë13¤é","","¨¿°ê°ò"
"S14","¯ïµØ","¦¶ÄR¬Â","","¤k","","¥Á«ØÁp","2015¦~10¤ë2¤é","","¦¶ÄR¬Â"
"S15","¯ª³ó","Àj»Ê±d","","¨k","§U²z²ÎÄw¥D¥ô","¥Á«ØÁp","2015¦~10¤ë2¤é","","Àj»Ê±d"
"S15","¯ª³ó","¿c¼zÄõ","","¤k","¥þÂ¾°ÏÄ³­û","*¸g¥ÁÁp","2015¦~10¤ë9¤é","","¿c¼zÄõ"
"S15","¯ª³ó","³¯¼w³¹","","¨k","ªÀ¥Á³s¯µ®Ñªø/ºÓ¤h¥Í","ªÀ·|¥Á¥D³s½u","2015¦~10¤ë15¤é","","³¯¼w³¹"
"S16","¿³ªÚ","§d¼Cª@","","¨k","¸ª«C°ÏÄ³­û","¥Á¥DÄÒ","2015¦~10¤ë2¤é","","§d¼Cª@"
"S16","¿³ªÚ","±ç¹Å»Ê","","¤k","","¥Á«ØÁp","2015¦~10¤ë8¤é","","±ç¹Å»Ê"
"S17","¯ï´º","©P«³§Æ","","¨k","°ÏÄ³­û","¿W¥ß­Ô¿ï¤H","2015¦~10¤ë9¤é","","©P«³§Æ"
"S18","¸ª²±¦è<U+90A8>","¼B¬üíi","","¤k","¥þÂ¾°ÏÄ³­û","­»´ä¤u·|Áp¦X·|","2015¦~10¤ë7¤é","","¼B¬üíi"
"S18","¸ª²±¦è<U+90A8>","±çÀR¬À","","¤k","µù¥UªÀ¤u","µó§{¤u¤ÍªA°È³B","2015¦~10¤ë13¤é","","±çÀR¬À"
"S19","¦wø¯","ÃÓ´f¬Ã","","¤k","°ÏÄ³­û","¸g¥ÁÁp","2015¦~10¤ë5¤é","","ÃÓ´f¬Ã"
"S19","¦wø¯","¼B»FùÚ","","¨k","¥ßªk·|Ä³­û§U²z","¥Á¥DÄÒ","2015¦~10¤ë13¤é","","¼B»FùÚ"
"S20","°¶¬Õ","³Á¬ü®S","","¤k","¥þÂ¾Ä³­û","¤uÁp·|","2015¦~10¤ë5¤é","","³Á¬ü®S"
"S21","«C¦ç<U+90A8>","¾G¾å¬Â","","¤k","°õ¦æ¸³¨Æ","","2015¦~10¤ë7¤é","","¾G¾å¬Â"
"S21","«C¦ç<U+90A8>","³¯¯º¤å","","¨k","°ÏÄ³­û","¿W¥ß­Ô¿ï¤H","2015¦~10¤ë12¤é","","³¯¯º¤å"
"S21","«C¦ç<U+90A8>","§E¥ß¦w","","¨k","¸g²z-¶é¹ÒªA°È","*µLÄÒ¬£­Ô¿ï¤H","2015¦~10¤ë13¤é","","§E¥ß¦w"
"S21","«C¦ç<U+90A8>","»¯­õ§±","","¤k","¥D¼½","¿W¥ßµLÄÒ¬£","2015¦~10¤ë15¤é","","»¯­õ§±"
"S22","»A©É","±i¼z´¹","","¤k","°ÏÄ³­û","","2015¦~10¤ë2¤é","","±i¼z´¹"
"S22","»A©É","¼ï¤p«Ì","","¤k","°ÏÄ³­û","","2015¦~10¤ë15¤é","","¼ï¤p«Ì"
"S23","ªø«C","§õ§Ó±j","","¨k","°ÏÄ³­û","*¸g¥ÁÁp","2015¦~10¤ë2¤é","","§õ§Ó±j"
"S23","ªø«C","¶À¥úªZ","","¨k","°ª¯ÅÀô«O¤j¨Ï","¥Á¥DÄÒ","2015¦~10¤ë2¤é","","¶À¥úªZ"
"S24","ªø±d","®}¾åªN","","¨k","°ÏÄ³­û","·s¥ÁÄÒ","2015¦~10¤ë5¤é","","®}¾åªN"
"S25","²±±d","±ç°¶¤å","","¨k","","¥Á«ØÁp","2015¦~10¤ë3¤é","","±ç°¶¤å"
"S25","²±±d","³Åº¡ªÚ","","¨k","¾É®v","","2015¦~10¤ë15¤é","","³Åº¡ªÚ"
"S26","«C¦ç«n","¼ï§Ó¦¨","","¨k","°ÏÄ³­û","¥Á«ØÁp","2015¦~10¤ë8¤é","","¼ï§Ó¦¨"
"S26","«C¦ç«n","¸­¯öºÓ","","¨k","¸ê°T¬ì§ÞÅU°Ý","«C¦~·s¬F","2015¦~10¤ë9¤é","","¸­¯öºÓ"
"S27","ªø¦ë","ªL¥ß§Ó","","¨k","¥þÂ¾°ÏÄ³­û","¥Á¥DÄÒ","2015¦~10¤ë2¤é","","ªL¥ß§Ó"
"S27","ªø¦ë","®LÀs¶³","","¨k","","","2015¦~10¤ë2¤é","","®LÀs¶³"
"S27","ªø¦ë","¿c°û´@","","¤k","ªÀ°Ï¥D¥ô","¥Á«ØÁp","2015¦~10¤ë8¤é","","¿c°û´@"
"S27","ªø¦ë","¹p¥i¬È","","¨k","¨®¦æÅU°Ý","¿W¥ß","2015¦~10¤ë14¤é","","¹p¥i¬È"
"S28","«Cµo","§õº~´Ë","","¨k","ºô¯¸¶}µo­û","«Cµo¥Í¬¡Ãöª`²Õ","2015¦~10¤ë2¤é","","§õº~´Ë"
"S28","«Cµo","ªL»A¬Â","","¤k","®Õªø","¿W¥ß¤H¤h","2015¦~10¤ë8¤é","","ªL»A¬Â"
"S28","«Cµo","¼B¤l³Ç","","¨k","¥ßªk·|Ä³­û§U²z","¥Á¥DÄÒ","2015¦~10¤ë12¤é","","¼B¤l³Ç"
"S28","«Cµo","¶À°·®Ô","","¨k","©ñ®g®v","","2015¦~10¤ë14¤é","","¶À°·®Ô"
"S29","ªø¦w","Ã¹Äv¦¨","","¨k","","¥Á«ØÁp","2015¦~10¤ë2¤é","","Ã¹Äv¦¨"
"S29","ªø¦w","¦ó§Ó°¶","","¨k","¤¤¾Ç±Ð®v","¥Á¥DÄÒ","2015¦~10¤ë2¤é","","¦ó§Ó°¶"
"S29","ªø¦w","¶À«T³Ç","","¨k","²z°]ÅU°Ý","«C¦~·s¬F","2015¦~10¤ë13¤é","","¶À«T³Ç"
"T01","¤jÀ¬¤s","§Eº~©[","","¨k","*¤½¥q¦æ¬F¤H­û","","2015¦~10¤ë5¤é","","§Eº~©["
"T01","¤jÀ¬¤s","°K¥ÉµØ","","¨k","°Ó¤H","","2015¦~10¤ë12¤é","","°K¥ÉµØ"
"T01","¤jÀ¬¤s","¼B·q¹ü","","¨k","¦Û¹µ¤H¤h","","2015¦~10¤ë14¤é","","¼B·q¹ü"
"T01","¤jÀ¬¤s","ÃÓ¨q®Z","","¤k","ªÀ°Ï·F¨Æ","","2015¦~10¤ë15¤é","","ÃÓ¨q®Z"
"T02","¶hªF<U+90A8>¥_","¾H®a³C","","¨k","¥þÂ¾Ä³­û","¤uÁp·|","2015¦~10¤ë7¤é","","¾H®a³C"
"T02","¶hªF<U+90A8>¥_","±çº~«Â","","¨k","ºtÃÀ¤u§@ªÌ","","2015¦~10¤ë15¤é","","±çº~«Â"
"T03","¶hªF<U+90A8>«n","¦Ñ¼s¦¨","","¨k","*°ÏÄ³­û","¥Á«ØÁp","2015¦~10¤ë2¤é","","¦Ñ¼s¦¨"
"T03","¶hªF<U+90A8>«n","³¢¥­","","¨k","ªÀ°Ï¥D¥ô","¥Á¥DÄÒ","2015¦~10¤ë5¤é","","³¢¥­"
"T04","ªF¯F¥_","§E«Tµ¾","","¨k","¤j«ß®v","¤½¥ÁÄÒ","2015¦~10¤ë2¤é","","§E«Tµ¾"
"T04","ªF¯F¥_","³Å¾åµY","","¤k","·|­p®v","·s¥ÁÄÒ","2015¦~10¤ë5¤é","","³Å¾åµY"
"T05","ªF¯F«n","©P¯E¹©","","¨k","«ß®v","¥Á«ØÁp","2015¦~10¤ë2¤é","","©P¯E¹©"
"T05","ªF¯F«n","¤ý¶i¬v","","¨k","ªÀ°Ïµo®i¥D¥ô","","2015¦~10¤ë9¤é","","¤ý¶i¬v"
"T06","´r´ºÆW","»¯¼w«Â","","¨k","¨p¤H§ë¸êªÌ","","2015¦~10¤ë2¤é","","»¯¼w«Â"
"T06","´r´ºÆW","®eµú¹ß","","¤k","°õ·~·|­p®v","¤½¥ÁÄÒ","2015¦~10¤ë12¤é","","®eµú¹ß"
"T06","´r´ºÆW","­J¤l¨}","","¨k","µ{¦¡¶}µo","","2015¦~10¤ë15¤é","","­J¤l¨}"
"T07","©W¬w¤Î³ßÆF¬w","´¿¨q¦n","","¤k","ª«·~ºÞ²z¤½¥q«O¦wÅU°Ý","","2015¦~10¤ë12¤é","","´¿¨q¦n"
"T08","«n¤X¤Î»Z¥x","§EÄRªâ","","¤k","¥þÂ¾°ÏÄ³­û","¥Á«ØÁp","2015¦~10¤ë7¤é","","§EÄRªâ"
"T08","«n¤X¤Î»Z¥x","GOHEL Rajen Indulal","","¨k","","","2015¦~10¤ë12¤é","","GOHEL RAJEN INDULAL"
"T08","«n¤X¤Î»Z¥x","¾G§ÓµØ","","¨k","¤uµ{¸g²z","","2015¦~10¤ë14¤é","","¾G§ÓµØ"
"T09","ªø¬w«n","ñK©xÃ­","","¨k","¤½¥q¸³¨Æ","¸g¥ÁÁp","2015¦~10¤ë5¤é","","ñK©xÃ­"
"T09","ªø¬w«n","±ç°ê»¨","","¨k","","","2015¦~10¤ë14¤é","","±ç°ê»¨"
"T09","ªø¬w«n","ªL¼äÁn","","¨k","¤½¥q¸³¨Æ","","2015¦~10¤ë14¤é","","ªL¼äÁn"
"T10","ªø¬w¥_","§õ®Û¬Ã","","¤k","","¥Á«ØÁp","2015¦~10¤ë2¤é","","§õ®Û¬Ã"
"T10","ªø¬w¥_","ñK´f®S","","¤k","","","2015¦~10¤ë13¤é","","ñK´f®S"
