ConstituencyCode,Constituency,Candidate,Politics,Camp
A01,CHUNG WAN,LAU WAI YAN VIENNA,Non-affiliated,B
A01,CHUNG WAN,HUI CHI FUNG,The Democratic Party,D
A01,CHUNG WAN,YU KIN FAI,,U
A02,MID LEVELS EAST,CHEUNG YICK HUNG JACKIE,Independent Candidate,B
A02,MID LEVELS EAST,NG SIU HONG,The Democratic Party,D
A03,CASTLE ROAD,NG LUNG FEI,Liberal Party,B
A03,CASTLE ROAD,CHENG LAI KING,The Democratic Party,D
A04,PEAK,CHAN HO LIM JOSEPH,Liberal Party,B
A04,PEAK,CHAN SHU MOON,Independent Candidate,D
A05,UNIVERSITY,CHAN CHIT KWAI(STEPHEN),Independent,B
A05,UNIVERSITY,LAU EDWARD WAI TAK,Independent Candidate,D
A06,KENNEDY TOWN & MOUNT DAVIS,CHAN HOK FUNG,DAB,B
A06,KENNEDY TOWN & MOUNT DAVIS,SIN CHEUK NAM,The Democratic Party,D
A06,KENNEDY TOWN & MOUNT DAVIS,CHOW SAI KIT,Youngspiration,D
A07,KWUN LUNG,YEUNG HOI WING,DAB,B
A07,KWUN LUNG,LEUNG CHUNG HANG SIXTUS,Youngspiration,D
A08,SAI WAN,CHEUNG KWOK KWAN,DAB,B
A08,SAI WAN,CHONG WING FAI WINFIELD,The Democratic Party,D
A09,BELCHER,YIP WING SHING,,B
A09,BELCHER,YEUNG SUI YIN(VICTOR),The Democratic Party,D
A10,SHEK TONG TSUI,CHAN CHOI HI,,B
A10,SHEK TONG TSUI,YIP KAM LUNG SAM,,D
A11,SAI YING PUN,LO YEE HANG,DAB,B
A11,SAI YING PUN,NG WING TAK,,D
A12,SHEUNG WAN,LUI HUNG PAN(BEN LUI),Independent Candidate,B
A12,SHEUNG WAN,KAM NAI WAI,*The Democratic Party,D
A13,TUNG WAH,SIU KA YI,DAB,B
A13,TUNG WAH,HO CHUN KI FREDERICK,*The Democratic Party,D
A14,CENTRE STREET,CHEUNG KAI YIN,The Democratic Party,D
A14,CENTRE STREET,LEE CHI HANG SIDNEY,,B
A15,WATER STREET,YEUNG HOK MING,DAB,B
A15,WATER STREET,NG HOI YAN BONNIE,The Democratic Party,D
A15,WATER STREET,LEE SUNG WAI,,U
B01,HENNESSY,CHEONG MAN LEI,* Independent,B
B01,HENNESSY,CHENG KI KIN,,D
B02,OI KWAN,TANG KING YUNG ANNA,DAB,B
B02,OI KWAN,WONG SUI LUNG,,D
B03,CANAL ROAD,CHUNG KA MAN JACQUELINE,DAB,B
B03,CANAL ROAD,HO GLORIA WING KA,,D
B03,CANAL ROAD,TAI CHEUK YIN LESLIE SPENCER,Independent,U
B04,VICTORIA PARK,CHOW KIT BING JENNIFER,Democratic Alliance for the Betterment and Progress of Hong Kong,B
B05,TIN HAU,LEE MAN LUNG JOEY,New People・s Party,B
B05,TIN HAU,CHAN KIN KWOK,The Democratic Party,D
B06,CAUSEWAY BAY,NG YUEN TING YOLANDA,*Independent,B
B07,TAI HANG,WONG CHING CHI GIGI,New People・s Party,B
B07,TAI HANG,YEUNG SUET YING CLARISSE,Independent Candidate,D
B08,JARDINE'S LOOKOUT,LAM WAI MAN WIND(ANSON),Liberal Party,B
B08,JARDINE'S LOOKOUT,LAI DAVID,*Non-Affiliated Independent,D
B09,BROADWOOD,SIU SEE KONG,*Independent,B
B09,BROADWOOD,MAK KWOK FUNG MICHAEL,League of Social Democrats,D
B09,BROADWOOD,TSE WAI CHUN PAUL,Independent,B
B10,HAPPY VALLEY,NG KAM CHUN(STEPHEN),Independent,B
B10,HAPPY VALLEY,CHIEN KA WO KELVIN,,D
B11,STUBBS ROAD,AU LAI CHONG,,D
B11,STUBBS ROAD,WONG WANG TAI,,B
B12,SOUTHORN,LEE PIK YEE,Independent,B
B12,SOUTHORN,YEUNG YAU FUNG,,D
B13,TAI FAT HAU,LEE KWUN YEE KENNY,Democratic Alliance for the Betterment and Progress of Hong Kong,B
B13,TAI FAT HAU,LEUNG PAK KIN,,D
C01,TAI KOO SHING WEST,CHIU KA YIN ANDREW(ANDREW CHIU),The Democratic Party,D
C01,TAI KOO SHING WEST,NG CHI LUNG(TONY),,B
C02,TAI KOO SHING EAST,TSE TSZ KEI(MARCUS),New People・s Party,B
C02,TAI KOO SHING EAST,WONG CHUN SING PATRICK,Independent,D
C03,LEI KING WAN,YEUNG SZE CHUN,*Independent,B
C03,LEI KING WAN,WONG HUK KAM,Labour Party,D
C03,LEI KING WAN,FU YUEN CHEUNG ALEXANDER(ALEX FU),Non-affliated,B
C03,LEI KING WAN,HO CHIU KWONG PAUL,,U
C04,ALDRICH BAY,NGAN CHUN LIM,Democratic Alliance for the Betterment and Progress of Hong Kong,B
C04,ALDRICH BAY,CHAN KAR PAK,The Democratic Party,D
C05,SHAUKEIWAN,LAM SUM LIM,Democratic Alliance for the Betterment and Progress of Hong Kong,B
C05,SHAUKEIWAN,POON WING YIN,,U
C05,SHAUKEIWAN,LEUNG WING SZE,,D
C06,A KUNG NGAM,TO BOON MAN DANIEL,,U
C06,A KUNG NGAM,LAM KEI TUNG GEORGE,,B
C06,A KUNG NGAM,HUNG CHI KIT,Democratic Alliance for the Betterment and Progress of Hong Kong,B
C07,HENG FA CHUEN,HO NGAI KAM STANLEY(STANLEY),The Hong Kong Federation of Trade Unions,B
C07,HENG FA CHUEN,YEUNG WAI HONG(DR. MARTIN),Independent,U
C07,HENG FA CHUEN,CHOW WING YEE,Independent,D
C08,TSUI WAN,KWAN SHUI LUNG,*Democratic Alliance for the Betterment and Progress of Hong Kong,B
C08,TSUI WAN,LAI LEUNG SIU KWAN,,B
C08,TSUI WAN,KU KWAI YIU,,D
C08,TSUI WAN,WAN TSZ FUNG JEFF,,U
C09,YAN LAM,WONG KIN HING,,B
C10,SIU SAI WAN,WONG KWOK HING,The Hong Kong Federation of Trade Unions (FTU),B
C10,SIU SAI WAN,CHU YAT ON,,B
C10,SIU SAI WAN,TAM TAK CHI,People Power,D
C11,KING YEE,LEUNG KWOK HUNG DAVID,The Hong Kong Federation of Trade Unions,B
C11,KING YEE,YEUNG HON SING,Independent Candidate,D
C11,KING YEE,WONG KWAN FUNG,Independent Candidate,B
C11,KING YEE,CHAN YIU TAK,,U
C12,WAN TSUI,KUNG PAK CHEUNG,Democratic Alliance for the Betterment and Progress of Hong Kong,B
C12,WAN TSUI,NG YIN KEUNG,Civic Party,D
C13,FEI TSUI,LI LEE(LILY LEE),*Independent,B
C13,FEI TSUI,LAI CHI KEONG JOSEPH,Civic Party,D
C13,FEI TSUI,LUI CHI MAN,Independent Democrats,U
C14,MOUNT PARKER,WONG KIN PAN,Democratic Alliance for the Betterment and Progress of Hong Kong,B
C15,BRAEMAR HILL,SHIU KA FAI,Liberal Party,B
C16,FORTRESS HILL,LO WING KWAN FRANKIE(LO SHAN),,B
C17,CITY GARDEN,HUI CHING ON,,B
C18,PROVIDENT,KWOK WAI KEUNG,The Hong Kong Federation of Trade Unions,B
C19,FORT STREET,HUNG LIN CHAM,Democratic Alliance for the Betterment and Progress of Hong Kong,B
C20,KAM PING,CHOY SO YUK,Democratic Alliance for the Betterment and Progress of Hong Kong,B
C21,TANNER,TSANG CHEUK YI,Liberal Party,B
C21,TANNER,CHENG TAT HUNG,Civic Party,D
C22,HEALTHY VILLAGE,CHENG CHI SING,Democratic Alliance for the Betterment and Progress of Hong Kong,B
C23,QUARRY BAY,TING KONG HO EDDIE,Democratic Alliance for the Betterment and Progress of Hong Kong,B
C23,QUARRY BAY,IP CHEE TAK,,D
C24,NAM FUNG,CHEUNG KWOK CHEONG,The Democratic Party,D
C24,NAM FUNG,YANG MO,,B
C24,NAM FUNG,LI CHAK SUM,,U
C25,KORNHILL,HUNG LUNG CHUEN,New People・s Party,B
C25,KORNHILL,LEUNG WING MAN(BONNIE),Civic Party,D
C25,KORNHILL,WONG PO YI,,U
C26,KORNHILL GARDEN,KONG YUK FOON DOREEN,New People・s Party,B
C26,KORNHILL GARDEN,LEUNG SIU SUN,Civic Party,D
C27,HING TUNG,HUI LAM HING,The Hong Kong Federation of Trade Unions,B
C27,HING TUNG,TSANG KWOK FAI,Labour Party,D
C28,SAI WAN HO,KONG CHACK HO,Independent,B
C28,SAI WAN HO,MAK TAK CHING,Labour Party,D
C29,LOWER YIU TUNG,WONG SZE CHIN RICKY(RICKY),,B
C29,LOWER YIU TUNG,WONG CHI CHUNG(DOMINIC),Democratic Alliance for the Betterment and Progress of Hong Kong,B
C29,LOWER YIU TUNG,NG KAM WAI,,D
C30,UPPER YIU TUNG,CHIU CHI KEUNG,The Hong Kong Federation of Trade Unions,B
C31,HING MAN,LAU HING YEUNG,Democratic Alliance for the Betterment and Progress of Hong Kong,B
C31,HING MAN,CHEUNG CHUN PONG,,D
C32,LOK HONG,LI CHUN CHAU,,B
C32,LOK HONG,TSANG KIN SHING(THE BULL),League of Social Democrats,D
C32,LOK HONG,LUN MAN KIT,,U
C33,TSUI TAK,LEE CHUN KEUNG,Liberal Party,B
C33,TSUI TAK,LI KIN HANG,,D
C34,YUE WAN,CHUNG SHU KUN CHRISTOPHER(CHRIS CHUNG),Democratic Alliance for the Betterment and Progress of Hong Kong,B
C34,YUE WAN,CHUI CHI KIN,Independent,D
C35,KAI HIU,LAM CHUI LIN(ALICE),,B
C35,KAI HIU,CHIK KIT LING ELAINE,Independent,B
D01,ABERDEEN,YAM PAULINE,Independent Candidate,B
D01,ABERDEEN,MAN HO KEUNG ZICO,Civic Party,D
D01,ABERDEEN,HO WAI CHUN,,U
D01,ABERDEEN,LEE KIT HING,,B
D02,AP LEI CHAU ESTATE,LAM YUK CHUN,Independent Candidate,B
D03,AP LEI CHAU NORTH,CHEUNG SIK YUNG,Independent Candidate,B
D03,AP LEI CHAU NORTH,LEUNG KWOK KEUNG,,U
D04,LEI TUNG I,LI KA YING,DAB,B
D04,LEI TUNG I,AU NOK HIN,The Democratic Party/Ap Lei Chau Community Trade Union,D
D04,LEI TUNG I,WONG YUN KEI,,U
D05,LEI TUNG II,PANG SIU KEI,DAB,B
D05,LEI TUNG II,LO KIN HEI,The Democratic Party,D
D05,LEI TUNG II,TANG KA LOK,,U
D05,LEI TUNG II,TSOI MAN LUNG TIMOTHY,*Civic Passion,U
D06,SOUTH HORIZONS EAST,LAM KAI FAI,Independent Candidate,B
D06,SOUTH HORIZONS EAST,CHAN KA LOK(DR. KENNETH CHAN),Civic Party,D
D06,SOUTH HORIZONS EAST,AU YUEN FAT JOSEPH,,D
D07,SOUTH HORIZONS WEST,CHAN JUDY KAPUI,New People・s Party,B
D07,SOUTH HORIZONS WEST,YUEN MI MING ERICA,People Power,D
D08,WAH KWAI,MAK TSE HOW LING ADA,DAB,B
D08,WAH KWAI,YEUNG SIU PIK,Democratic Party,D
D08,WAH KWAI,LAU PAK TUNG(DANIEL LAU),,U
D09,WAH FU SOUTH,AU LAP SING,,B
D09,WAH FU SOUTH,LI SHEE LIN,The Democratic Party,D
D10,WAH FU NORTH,WONG CHOI LAP,DAB,B
D10,WAH FU NORTH,CHAI MAN HON,The Democratic Party,D
D10,WAH FU NORTH,WUN KEI YAN,,U
D10,WAH FU NORTH,LAW YUET WAH,Independent Candidate,U
D11,POKFULAM,YOUNG CHIT ON JEREMY,Liberal Party,B
D11,POKFULAM,ZIMMERMAN PAULUS JOHANNES(PAUL ZIMMERMAN),Independent Democrat,D
D12,CHI FU,CHU CHING HONG,Independent Candidate,B
D12,CHI FU,YIU CHUNG YIM,,D
D13,TIN WAN,CHAN FU MING,,B
D14,SHEK YUE,CHU LAP WAI,DAB,B
D15,WONG CHUK HANG,CHAN WING YAN,*The Hong Kong Federation of Trade Unions,B
D15,WONG CHUK HANG,TSUI YUEN WA,Democratic Party,D
D16,BAYS AREA,SCHAUS DAVID JOHN(DAVID SCHAUS),,U
D16,BAYS AREA,FUNG SE GOUN FERGUS,Liberal Party,B
D17,STANLEY & SHEK O,YAO JIE NING MAXINE,,B
D17,STANLEY & SHEK O,LEE PUI YING(CHAN LEE PUI-YING),,B
D17,STANLEY & SHEK O,TSANG TSZ HO,Liberal Party,B
E01,TSIM SHA TSUI WEST,HUNG CHIU WAH(DEREK),DAB,B
E01,TSIM SHA TSUI WEST,LAU CHI HUNG,,D
E02,JORDAN SOUTH,IP NGO TUNG CHRIS,DAB,B
E02,JORDAN SOUTH,LUI NGAR YEE JOEY,,U
E03,JORDAN WEST,CHAN SIU TONG,DAB,B
E04,YAU MA TEI SOUTH,AU YEUNG TUNG,Hong Kong Association for Democracy and People's Livelihood,D
E04,YAU MA TEI SOUTH,YEUNG TSZ HEI(BENNY),DAB,B
E05,CHARMING,LEE WAI FUNG,The Democratic Party,D
E05,CHARMING,CHUNG KONG MO,DAB,B
E06,MONG KOK WEST,HUI TAK LEUNG,,B
E07,FU PAK,YU TAK PO,Civic Party,D
E07,FU PAK,LAW SIU HUNG PAUL,Independent Candidate,B
E08,OLYMPIC,KO HIU WING(PATRICK),Independent Candidate,B
E08,OLYMPIC,TO KUN SUN JAMES,The Democratic Party,D
E09,CHERRY,CHUNG CHAK FAI,,B
E09,CHERRY,LAM HO YEUNG,The Democratic Party,D
E09,CHERRY,NAKADE HITSUJIKO,,U
E10,TAI KOK TSUI SOUTH,CHOI SIU FUNG BENJAMIN,DAB,B
E10,TAI KOK TSUI SOUTH,LAI YIU CHUN,Youngspiration,D
E11,TAI KOK TSUI NORTH,WONG KA YING,Civic Party,D
E11,TAI KOK TSUI NORTH,LAU PAK KEI,DAB,B
E12,TAI NAN,CHONG WING CHARN FRANCIS,Kowloon West New Dynamic/BPA,B
E12,TAI NAN,CHIU YUK KWONG,Youngspiration,D
E12,TAI NAN,FUNG JOSHUA MAN TAO,The Democratic Party,D
E13,MONG KOK NORTH,WONG SHU MING,Kowloon West New Dynamic,B
E13,MONG KOK NORTH,WONG KA CHUN,Youngspiration,D
E14,MONG KOK EAST,TSE JEFFERSON KELLER,Independent,U
E14,MONG KOK EAST,LAU CHUN YIP,The Democratic Party,D
E14,MONG KOK EAST,WONG KIN SAN,,B
E15,MONG KOK SOUTH,CHOW CHUN FAI,,B
E16,YAU MA TEI NORTH,LAM KIN MAN,ADPL,D
E16,YAU MA TEI NORTH,MAN YUN WA,*FTU,B
E17,EAST TSIM SHA TSUI & KING'S PARK,TANG MING SUM MICHELLE,,B
E17,EAST TSIM SHA TSUI & KING'S PARK,CHAN MAN YU HENRY,The Professional Commons,D
E18,TSIM SHA TSUI CENTRAL,AHUJA GOPALDAS HOLARAM(GARY AHUJA),,U
E18,TSIM SHA TSUI CENTRAL,KWAN SAU LING,DAB,B
E18,TSIM SHA TSUI CENTRAL,LIU SIU FAI,,B
E19,JORDAN NORTH,JO CHUN WAH(CRAIG),DAB,B
E19,JORDAN NORTH,CHICK CHI LEUNG,,D
F01,PO LAI,TSE HIU HUNG,,B
F01,PO LAI,LEUNG YAU FONG,ADPL,D
F02,CHEUNG SHA WAN,LAM KA FAI AARON,BPA/Kowloon West New Dynamic,B
F02,CHEUNG SHA WAN,LEE MAN HO LEOS,,D
F02,CHEUNG SHA WAN,LAM SHUI HUM,,U
F03,NAM CHEONG NORTH,CHENG WING SHUN VINCENT,DAB,B
F03,NAM CHEONG NORTH,CHAN WING FAI JORDAN,People Power,D
F04,SHEK KIP MEI,CHAN KWOK WAI,,B
F04,SHEK KIP MEI,TSUNG PO SHAN,ADPL,D
F05,NAM CHEONG EAST,MIU HOI MING,DAB,B
F05,NAM CHEONG EAST,HO KAI MING KALVIN,ADPL,D
F06,NAM CHEONG SOUTH,LEE WING MAN,The Federation of Hong Kong & Kowloon Labour Unions,B
F06,NAM CHEONG SOUTH,LAM WAI TONG,,
F07,NAM CHEONG CENTRAL,LAU PUI YUK,DAB,B
F07,NAM CHEONG CENTRAL,MAK WAI MING,Independent,
F08,NAM CHEONG WEST,WAI WOON NAM,ADPL,D
F08,NAM CHEONG WEST,HEUNG MING HAU,Independent Candidate,
F09,FU CHEONG,LI KWING,ADPL,D
F09,FU CHEONG,LEUNG MAN KWONG,,
F10,LAI KOK,CHAN WING YAN,DAB/FTU,B
F10,LAI KOK,FUNG KIN KEE FREDERICK,ADPL,D
F10,LAI KOK,WONG CHUNG KI ERIC,,
F11,FORTUNE,CHEUNG TAK WAI,DAB,B
F11,FORTUNE,CHOW WING HENG(ZO ),ADPL,D
F12,LAI CHI KOK SOUTH,TAN WIE HON DERRICK,DAB,B
F12,LAI CHI KOK SOUTH,YEUNG YUK,ADPL,D
F12,LAI CHI KOK SOUTH,MUI YU,,
F13,MEI FOO SOUTH,WONG TAT TUNG,DAB,B
F13,MEI FOO SOUTH,WONG TAK CHUEN JOE,Civic Party,D
F13,MEI FOO SOUTH,TZENG LI WEN JUDY,,
F14,MEI FOO CENTRAL,NG YUET LAN,Civic Party,D
F14,MEI FOO CENTRAL,SHUM SIU HUNG,,
F14,MEI FOO CENTRAL,CHAN CHUNG KONG STEPHEN,,
F15,MEI FOO NORTH,LI CHUN HEI JOSHUA,Civic Party,D
F15,MEI FOO NORTH,CHEUNG WING SUM AMBROSE,Independent,
F16,LAI CHI KOK CENTRAL,LI KI FUNG BRUCE(BRUCE),BPA/Kowloon West New Dynamic,B
F16,LAI CHI KOK CENTRAL,YUEN HOI MAN(RAMON),The Democratic Party,D
F17,LAI CHI KOK NORTH,WONG KING(DR. KING),,
F17,LAI CHI KOK NORTH,CHUM TAK SHING,ADPL,D
F17,LAI CHI KOK NORTH,WU SAI CHUEN,,
F18,UN CHAU & SO UK,CHAN WAI MING,*DAB,B
F18,UN CHAU & SO UK,FONG CHI LUNG,,
F19,LEI CHENG UK,CHAN KENG CHAU,Kowloon West New Dynamic,B
F19,LEI CHENG UK,KONG KWAI SANG,Hong Kong Association for Democracy and People's Livelihood,D
F20,HA PAK TIN,YAN KAI WING,,
F20,HA PAK TIN,TANG MEI CHING(SALLY),Socialist Action,D
F21,YAU YAT TSUEN,LEE TSZ KING DOMINIC(DOMINIC),Liberal Party,B
F21,YAU YAT TSUEN,CHAU DICKSON KA FAAT,League of Social Democrats,D
F22,"NAM SHAN, TAI HANG TUNG & TAI HANG SAI",TAM KWOK KIU,ADPL,D
F22,"NAM SHAN, TAI HANG TUNG & TAI HANG SAI",WAI HOI YING,Kowloon West New Dynamic,B
F22,"NAM SHAN, TAI HANG TUNG & TAI HANG SAI",FOO WAI LOK,,
F23,LUNG PING & SHEUNG PAK TIN,LAM WAI MAN RAYMOND,,
F23,LUNG PING & SHEUNG PAK TIN,NG MEI CARMAN,Hong Kong Association for Democracy and People's Livelihood,D
F23,LUNG PING & SHEUNG PAK TIN,CHENG CHI HONG,,
G01,MA TAU WAI,MOK KA HAN ROSANDA,ADPL,D
G01,MA TAU WAI,SIU TIN HUNG(TERENCE),DAB,B
G02,MA HANG CHUNG,LAI KWONG WAI,ADPL,D
G02,MA HANG CHUNG,WONG YUN CHEONG,HKFTU,B
G02,MA HANG CHUNG,LAU SHU YIN,,
G03,MA TAU KOK,KWAN HO YEUNG,DAB,B
G03,MA TAU KOK,AU WING HO,,
G04,LOK MAN,YANG WING KIT,,
G04,LOK MAN,PONG YAT MING,,
G05,SHEUNG LOK,WONG WING KIT,Hong Kong Association for Democracy and People・s Livelihood,D
G05,SHEUNG LOK,LUK KING KWONG,DAB,B
G05,SHEUNG LOK,CHAN KA LING JUDY,,
G06,HO MAN TIN,CHENG LEE MING,,
G06,HO MAN TIN,CHAN LAI KWAN,The Democratic Party,D
G07,KADOORIE,SIU LEONG SING,ADPL,D
G07,KADOORIE,WONG CHI,,
G07,KADOORIE,LAU HOK WAI,,
G08,PRINCE,LEE CHI FAI,Restore Hong Kong,B
G08,PRINCE,TING KIN WA,Independent Candidate,
G09,KOWLOON TONG,HO HIN MING,Liberal Party,B
G10,LUNG SHING,WONG MAN SING,,
G10,LUNG SHING,NG PO KEUNG,DAB,B
G11,SUNG WONG TOI,YEUNG CHUN YU,ADPL,D
G11,SUNG WONG TOI,CHENG CHUN WAH GARY,The Hong Kong Federation of Trade Unions,B
G11,SUNG WONG TOI,IP CHI WAI ALEXANDER,,
G12,KAI TAK NORTH,LI TING FUNG,Hong Kong Association for Democracy and People・s Livelihood,D
G12,KAI TAK NORTH,LEUNG YUEN TING,,
G12,KAI TAK NORTH,LAM HEI TING MIRANDA,,
G12,KAI TAK NORTH,CHAN PO YUK,,
G12,KAI TAK NORTH,SUN CHAO HANG,,
G13,KAI TAK SOUTH,HE HUAHAN,,
G13,KAI TAK SOUTH,SO YEE MAN,The Democratic Party,D
G14,HOI SHAM,PUN KWOK WAH,DAB,B
G14,HOI SHAM,LEE KA WAI,,
G15,TO KWA WAN NORTH,LEE WAI KING STARRY,DAB,B
G15,TO KWA WAN NORTH,SHUM TAI FUNG,,
G15,TO KWA WAN NORTH,LAM YI LAI,,
G16,TO KWA WAN SOUTH,LAM POK,,
G16,TO KWA WAN SOUTH,CHONG LAI LING,The Democratic Party,D
G17,HOK YUEN LAGUNA VERDE,YUE CHEE WING ADMOND,,
G17,HOK YUEN LAGUNA VERDE,SIU YUEN SHEUNG,DAB,B
G17,HOK YUEN LAGUNA VERDE,YEUNG KE CHEONG,,
G18,WHAMPOA EAST,LEUNG MEI FUN,Kowloon West New Dynamic/BPA Services Company Limited,B
G18,WHAMPOA EAST,YAU WAI CHING,Youngspiration,D
G18,WHAMPOA EAST,LAW SHEK MING,,
G19,WHAMPOA WEST,LAU WAI WING,,
G19,WHAMPOA WEST,KWONG PO YIN,Youngspiration,D
G20,HUNG HOM BAY,CHIU SHI SHUN,Labour Party,D
G20,HUNG HOM BAY,CHEUNG YAN HONG,,
G20,HUNG HOM BAY,FUNG KING MAN VIRGINIA,,
G20,HUNG HOM BAY,LI CALVIN KAM CHEONG,,
G21,HUNG HOM,YUM KWOK TUNG PIUS,ADPL,D
G21,HUNG HOM,LAM TAK SHING,Democratic Alliance for the Betterment and Progress of Hong Kong,B
G21,HUNG HOM,WONG CHI KEUNG,,
G22,KA WAI,LO CHIU KIT,,
G22,KA WAI,CHAN SHU HAN,,
G23,OI MAN,NG FAN KAM,DAB,B
G23,OI MAN,MA HEI PANG,The Democratic Party,D
G24,OI CHUN,CHO WUI HUNG,,
G24,OI CHUN,CHAN YAU CHEONG,Civic Party,D
H01,LUNG TSUI,YEUNG MAN SEK EDMOND(BONBON),Independent,
H01,LUNG TSUI,LEE TUNG KONG,Independent Candidate,
H01,LUNG TSUI,TSANG CHEUK KUEN JACKAL,Independent,
H02,LUNG HA,LEE YIM HUNG,,
H02,LUNG HA,KWOK SAU YING,*Independent,
H03,LUNG SHEUNG,LAM MAN FAI,,
H03,LUNG SHEUNG,LAM WAI KEI(RICKY),Democratic Party,D
H03,LUNG SHEUNG,CHOW LAI CHEONG,Independent,
H04,FUNG WONG,WONG KAM CHIU,,
H04,FUNG WONG,CHAN YIM KWONG JOE,,
H04,FUNG WONG,WONG TSZ HANG,Non-affiliated Candidate,
H05,FUNG TAK,KAN CHI HO,DAB,B
H05,FUNG TAK,WONG KWOK KEUNG,Independent,
H06,LUNG SING,NGOK KING FUN,*Independent,
H06,LUNG SING,TAM HEUNG MAN,The Frontier,D
H06,LUNG SING,LAM JOSEPH CHOK,,
H06,LUNG SING,HO WAI KUEN,Non-affiliated Candidate,
H07,SAN PO KONG,LUI KAI LIN WENDY,*Independent Candidate,
H07,SAN PO KONG,WAT KI ON,Independent Candidate,
H08,TUNG TAU,LI TAK HONG,DAB,B
H08,TUNG TAU,CHEUNG PAK HANG,Independent,
H09,TUNG MEI,WONG KWOK YAN,DAB,B
H09,TUNG MEI,SZE TAK LOY,ADPL,D
H10,LOK FU,CHAN WAI KWAN ANDIE,,
H10,LOK FU,YUEN YUET HING,Independent Candidate,
H11,WANG TAU HOM,LAI WING HO JOE,DAB,B
H12,TIN KEUNG,LEE HO YIN RAYMOND,Civic Party,D
H12,TIN KEUNG,CHAN ON TAI,Liberal Party,B
H13,TSUI CHUK & PANG CHING,SO SIK KIN,Independent Candidate,
H13,TSUI CHUK & PANG CHING,CHAN YING LEONARD,*Independent Candidate,
H13,TSUI CHUK & PANG CHING,LEE KA HING,Independent Candidate,
H14,CHUK YUEN SOUTH,HUI KAM SHING,Hong Kong Association for Democracy and People's Livelihood,D
H14,CHUK YUEN SOUTH,CHAN CHAK SUM,The Hong Kong Federation of Trade Unions,B
H15,CHUK YUEN NORTH,TING CHI WAI ROY,Independent Candidate,
H15,CHUK YUEN NORTH,CHAN KIT BING(ICE),People Power,D
H16,TSZ WAN WEST,YUEN KWOK KEUNG,DAB,B
H16,TSZ WAN WEST,YUNG SING KWONG,The Democratic Party,D
H16,TSZ WAN WEST,LEUNG YAU KING,Civic Passion,
H17,CHING OI,CHAN MAN KI MAGGIE,DAB,B
H17,CHING OI,MAK TSZ HO,Tsz Wan Shan Constructive Power,D
H18,CHING ON,WONG YAT YUK,*Independent,
H19,TSZ WAN EAST,HO HON MAN,DAB,B
H19,TSZ WAN EAST,TAM CHUN MAN,Tsz Wan Shan Constructive Power,D
H20,KING FU,WONG CHUN KIN,FTU,B
H20,KING FU,WU CHI WAI,The Democratic Party,D
H21,CHOI WAN EAST,CHOY TSZ KIN TIMOTHY,DAB,B
H21,CHOI WAN EAST,LOK WAI CHUEN,,
H21,CHOI WAN EAST,WONG KWOK TUNG,The Democratic Party,D
H22,CHOI WAN SOUTH,LI MEI LAN,DAB,B
H22,CHOI WAN SOUTH,SHUM WAN WA,The Democratic Party,D
H23,CHOI WAN WEST,TAM MEI PO,FTU/DAB,B
H23,CHOI WAN WEST,TSE CHI KIT,The Democratic Party,D
H24,CHI CHOI,HO YIN FAI,FTU/DAB,B
H24,CHI CHOI,WU CHI KIN,The Democratic Party,D
H25,CHOI HUNG,MOK KIN WING,FTU,B
H25,CHOI HUNG,LEUNG TAT POR,Independent,
J01,KWUN TONG CENTRAL,CHAN WAH YU NELSON,,
J02,KOWLOON BAY,POON YAM WAI CHUN WINNIE,,
J03,KAI YIP,AU YEUNG KWAN NOK,DAB,B
J03,KAI YIP,LAM SING,The Democratic Party,D
J04,LAI CHING,BUX SHEIK ANTHONY,Civic Party,D
J04,LAI CHING,POON CHUN YUEN,DAB,B
J05,PING SHEK,CHAN CHUN KIT,DAB,B
J06,SHEUNG CHOI,TAM SIU CHEUK,DAB,B
J07,JORDAN VALLEY,NGAN MAN YU,DAB,B
J07,JORDAN VALLEY,WONG WAI TAG,Democratic Party,D
J08,SHUN TIN,KWOK BIT CHUN(BENJAMIN),DAB,B
J08,SHUN TIN,MOK KIN SHING,Democratic Party,D
J09,SHEUNG SHUN,FU PIK CHUN,,
J10,ON LEE,LEUNG TANG FUNG,DAB,B
J10,ON LEE,CHOY CHAK HUNG,,
J10,ON LEE,CHO KAI FAI,,
J11,PO TAT,HUNG KAM IN,DAB,B
J11,PO TAT,TAM HO LAM,,
J12,SAU MAU PING NORTH,WONG CHUN PING,,
J13,HIU LAI,SO LAI CHUN,Independent Candidate,
J13,HIU LAI,FUNG KWOK KEUNG BONHOEFFER,,
J14,SAU MAU PING SOUTH,CHAN YIU HUNG JIMMY,Independent,
J14,SAU MAU PING SOUTH,KAI MING WAH,*The Democratic Party,D
J14,SAU MAU PING SOUTH,CHENG KWOK CHUN,Kowloon East Community,D
J15,SAU MAU PING CENTRAL,CHEUNG PUI KONG,,
J16,HING TIN,LO CHING,FTU,B
J16,HING TIN,CHAN MAN KIN,The Democratic Party,D
J17,LAM TIN,KAN MING TUNG,FTU,B
J17,LAM TIN,YAU MEI PO,,
J18,KWONG TAK,OR CHONG SHING WILSON,DAB,B
J19,PING TIN,NG CHI FAI,,
J19,PING TIN,YIU PAK LEUNG,Independent Candidate,
J20,PAK NGA,CHAN YU MING,Civic Party,D
J20,PAK NGA,HO KAI MING,FTU,B
J20,PAK NGA,YU SUI SANG,,
J21,YAU TONG EAST,CHEUNG KI TANG,DAB,B
J22,YAU LAI,LAI SHU HO PATRICK,Independent,
J22,YAU LAI,CHENG WAH TUNG FRANCIS,,
J22,YAU LAI,HON KA MING,The Democratic Party,D
J23,CHUI CHEUNG,TSE SUK CHUN,,
J23,CHUI CHEUNG,WONG KAI SAN,Hong Kong Federation of Trade Unions,B
J24,YAU TONG WEST,LUI TUNG HAI,Independent Candidate,
J25,LAGUNA CITY,TAM MAN HO JEREMY JANSEN,Civic Party,D
J25,LAGUNA CITY,TANG WING CHUN,Independent,
J26,KING TIN,TONG DICK KAN,Civic Party,D
J26,KING TIN,CHEUNG SHUN WAH,,
J27,TSUI PING,CHENG KEUNG FUNG,The Federation of Public Housing Estates,B
J27,TSUI PING,LAM HO CHUN CAROL,People Power/The Frontier,D
J28,PO LOK,LAU TING ON,,
J28,PO LOK,CHENG KENG IEONG,The Democratic Party,D
J29,YUET WAH,HSU HOI SHAN,Independent Candidate,
J29,YUET WAH,CHAN KAM WAI,,
J30,HIP HONG,CHAN CHUNG BUN BUNNY,,
J30,HIP HONG,CHAU CHUNG PING,,
J30,HIP HONG,WONG YI TING EDITH,,
J31,HONG LOK,MA YAT CHIU,Independent Candidate,
J31,HONG LOK,CHAN CHAK TO,Kowloon East Community,D
J32,TING ON,KAM KIN,,
J32,TING ON,WONG KAI MING,Democratic Party,D
J33,UPPER NGAU TAU KOK ESTATE,CHAN KOK WAH BEN,Democratic Alliance for the Betterment and Progress of Hong Kong,B
J33,UPPER NGAU TAU KOK ESTATE,LUI CHI HANG HENDRICK,,
J34,LOWER NGAU TAU KOK ESTATE,CHEUNG YIU PAN,DAB,B
J34,LOWER NGAU TAU KOK ESTATE,WONG CHING FUNG,The Democratic Party,D
J35,TO TAI,YIP HING KWOK,,
J36,LOK WAH NORTH,FUNG KAM YUEN,*Independent Candidate,
J36,LOK WAH NORTH,WONG CHI KEN,Kowloon East Community,D
J37,LOK WAH SOUTH,LEE KA HANG,FTU,B
J37,LOK WAH SOUTH,SO KOON CHUNG KEVIN,,
K01,TAK WAH,LO SIU KIT,,
K02,YEUNG UK ROAD,CHAN HAN PAN,Democratic Alliance for the Betterment and Progress of Hong Kong,B
K02,YEUNG UK ROAD,LAM SEK TIM,Tsuen Wan Community Network,D
K03,HOI BUN,CHENG PAK KEUNG,,
K03,HOI BUN,CHOW PING TIM,Independent,
K04,CLAGUE GARDEN,KOO YEUNG PONG,Democratic Alliance for the Betterment and Progress of Hong Kong,B
K04,CLAGUE GARDEN,TONG WING CHI,,
K05,FUK LOI,KOT SIU YUEN,The Hong Kong Federation of Trading Unions,B
K05,FUK LOI,SHEK WILLIAM,,
K06,DISCOVERY PARK,CHIU YAN LOY,Labour Party,D
K06,DISCOVERY PARK,TIEN MICHAEL PUK SUN,New People's Party,B
K07,TSUEN WAN CENTRE,TSANG TAI,Democratic Alliance for the Betterment and Progress of Hong Kong,B
K07,TSUEN WAN CENTRE,LI HUNG POR,The Democratic Party,D
K08,ALLWAY,LAM YUEN PUN,,
K08,ALLWAY,WONG YUI TAK LOUIS,The Democratic Party,D
K09,LAI TO,WONG WAI KIT,Independent,
K09,LAI TO,CHIU PUI SZE(VICKY),Civic Party,D
K10,TING SHAM,HA HEI LOK,Labour Party,D
K10,TING SHAM,CHENG CHIT PUN,New People's Party,B
K10,TING SHAM,CHENG SHING LUNG EDWIN,,
K11,TSUEN WAN WEST,LAM LAM NIXIE,Democratic Alliance for the Betterment and Progress of Hong Kong,B
K11,TSUEN WAN WEST,POON CHIU LAM,Tsuen Wan Dynamic for the People,
K11,TSUEN WAN WEST,CHU SHUN MING,,
K12,TSUEN WAN RURAL,NG HIN LUNG,,
K12,TSUEN WAN RURAL,CHAN WAI MING,,
K13,MA WAN,WONG CHIU WAH KEVIN,New People's Party,B
K13,MA WAN,TAM HOI PONG,Neo Democrats,D
K13,MA WAN,LUK WAI LEUNG WILLIAM,Third Side,
K13,MA WAN,TSENG WEN TIEN JUSTIN,Independent Candidate,
K14,LUK YEUNG,LAM FAAT KANG,,
K14,LUK YEUNG,WONG PUI CHI,Neo Democrats,D
K15,LEI MUK SHUE EAST,LUI DIK MING,Democratic Alliance for the Betterment and Progress of Hong Kong,B
K15,LEI MUK SHUE EAST,CHAN YUEN SUM SUMLY,Civic Party,D
K16,LEI MUK SHUE WEST,TAM TSZ FEI,The Hong Kong Federation of Trading Unions (FTU),B
K16,LEI MUK SHUE WEST,WONG KA WA,Civic Party,D
K17,SHEK WAI KOK,MAN YU MING,New Territories Association of Societies/Federation of Public Housing Estate,B
K17,SHEK WAI KOK,LAI MAN FAI,,
K18,CHEUNG SHEK,CHAN CHUN CHUNG,Democratic Alliance for Betterment and Progress of Hong Kong,B
K18,CHEUNG SHEK,WONG CHI SHUN ADEN,Democratic Alliance,D
K18,CHEUNG SHEK,CHAN KA WING,The Democratic Party,D
L01,TUEN MUN TOWN CENTRE,CHIU KAM MOON,,
L01,TUEN MUN TOWN CENTRE,AU CHI YUEN,,
L02,SIU CHI,LI CHING YEE,DAB,B
L02,SIU CHI,LAM CHUNG HOI,*The Democratic Party,D
L02,SIU CHI,WONG KA LEUNG,,
L03,SIU TSUI,YIP MAN PAN,Democratic Alliance for the Betterment and Progress of Hong Kong,B
L03,SIU TSUI,TANG CHUN TO,The Democratic Party,D
L03,SIU TSUI,NG HON YING,,
L04,ON TING,FUNG PUI YIN,FTU,B
L04,ON TING,KONG FUNG YI,ADPL,D
L05,YAU OI SOUTH,TSANG HIN HONG,Democratic Alliance for the Betterment and Progress of Hong Kong,B
L05,YAU OI SOUTH,CHIN PO FUN,People Power,D
L06,YAU OI NORTH,CHAN WAN SANG,Democratic Alliance for the Betterment and Progress of Hong Kong,B
L06,YAU OI NORTH,TAM CHUN YIN,Labour Party,D
L06,YAU OI NORTH,LAM LAP,,
L07,TSUI HING,CHU YIU WAH,New People・s Party,B
L08,SHAN KING,NG KOON HUNG,,
L08,SHAN KING,HON LAI YIN,,
L09,KING HING,CHAN YAU HOI,The Hong Kong Federation of Trade Unions,B
L10,HING TSAK,TSUI FAN,The Hong Kong Federation of Trade Unions,B
L10,HING TSAK,CHAN SZE NGA,,
L11,SAN HUI,KWU HON KEUNG,,
L11,SAN HUI,HO HAU CHUN,,
L11,SAN HUI,HUI CHEUK HO,Independent,
L12,SAM SHING,SO SHIU SHING,New People・s Party,B
L12,SAM SHING,LEE KAM TIM,,
L13,HANFORD,CHU SHUN NGA BEATRICE,The Democratic Party,D
L13,HANFORD,NGAI KA HO,,
L13,HANFORD,LI KWAI FONG,Independent,
L13,HANFORD,WONG CHAK WAH,,
L14,FU SUN,LI SAI KEUNG,,
L14,FU SUN,TAI YIN CHIU(THOMAS),,
L14,FU SUN,HO YING SANG(CHRIS),,
L14,FU SUN,KAM MAN FUNG,,
L14,FU SUN,CHEUNG WAI KAU,,
L14,FU SUN,LUNG KANG SAN,,
L15,YUET WU,CHEUNG HANG FAI,Democratic Alliance for the Betterment and Progress of Hong Kong,B
L15,YUET WU,YIP LAI MEI NATALIE,,
L16,SIU HEI,YAN SIU NAM,ADPL,D
L16,SIU HEI,HAU KWOK TUNG,Democratic Alliance for the Betterment and Progress of Hong Kong,B
L17,WU KING,LEUNG KIN MAN,Democratic Alliance for the Betterment and Progress of Hong Kong,B
L17,WU KING,CHOW KAI LIM,,
L18,BUTTERFLY,SO OI KWAN,DAB,B
L18,BUTTERFLY,YEUNG CHI HANG,ADPL,D
L19,LOK TSUI,HO CHUN YAN,The Democratic Party,D
L19,LOK TSUI,HO KWAN YIU,Independent,
L19,LOK TSUI,YUEN WAI CHUNG,MESSAGE,
L19,LOK TSUI,CHEUNG WING WAI,,
L19,LOK TSUI,CHENG CHUNG TAI,Civic Passion,
L19,LOK TSUI,SHUM KAM TIM,,
L20,LUNG MUN,LUNG SHUI HING,Democratic Alliance for the Betterment and Progress of Hong Kong,B
L21,SAN KING,LEE FUNG SIM,Democratic Alliance for the Betterment and Progress of Hong Kong,B
L21,SAN KING,WONG LAI SHEUNG CATHERINE,The Democratic Party,D
L22,LEUNG KING,CHING CHI HUNG,Democratic Alliance for the Betterment and Progress of Hong Kong,B
L22,LEUNG KING,KWUN TUNG WING,,
L23,TIN KING,LEE HUNG SHAM LOTHAR,FTU,B
L23,TIN KING,CHIU KIM LING,,
L24,PO TIN,SO KA MAN,New People・s Party,B
L24,PO TIN,CHU SIU HUNG,,
L25,KIN SANG,CHAN MAN WAH,Democratic Alliance for the Betterment and Progress of Hong Kong,B
L25,KIN SANG,LAM TSZ CHING,,
L26,SIU HONG,MO SHING FUNG,Democratic Alliance for the Betterment and Progress of Hong Kong,B
L26,SIU HONG,CHAN SHU YING JOSEPHINE,The Democratic Party,D
L26,SIU HONG,LAW HO YAN,,
L27,PRIME VIEW,HO HANG MUI,The Democratic Party,D
L27,PRIME VIEW,KWONG MAN TIK,,
L28,FU TAI,CHAN MANWELL,The Hong Kong Federation of Trade Unions,B
L28,FU TAI,HO WAI CHEUNG,Tuen Mun Community Concern Group,D
L29,TUEN MUN RURAL,TO SHECK YUEN,,
L29,TUEN MUN RURAL,TANG TAK SUM,,
M01,FUNG NIN,WONG KWOK HUNG,Democratic Alliance,D
M01,FUNG NIN,LUI KIN,Democratic Alliance for the Betterment and Progress of Hong Kong,B
M02,SHUI PIN,YUEN MAN YEE,,
M03,NAM PING,WONG WAI YIN ZACHARY,Democratic Party,D
M03,NAM PING,CHEUNG FAN LAN,DAB,B
M03,NAM PING,CHAN WAI YI,Independent Candidate,
M04,PEK LONG,KWONG CHUN YU,The Democratic Party,D
M04,PEK LONG,WONG YUK CHUN,Democratic Alliance for the Betterment and Progress of Hong Kong,B
M05,YUEN LONG CENTRE,LAM TING WAI,Democratic Alliance,D
M05,YUEN LONG CENTRE,SIU LONG MING,Democratic Alliance for the Betterment and Progress of Hong Kong,B
M06,YUEN LUNG,WONG WAI SHUN,New People・s Party,B
M06,YUEN LUNG,CHONG KIN SHING,BPA,B
M07,FUNG CHEUNG,MAK IP SING,Democratic Alliance,D
M07,FUNG CHEUNG,YU CHUNG LEUNG,Democratic Alliance for the Betterment and Progress of Hong Kong,B
M07,FUNG CHEUNG,WONG WAI,,
M08,SHAP PAT HEUNG EAST,SHUM HO KIT,,
M09,SHAP PAT HEUNG CENTRAL,LEUNG MING KIN,,
M10,SHAP PAT HEUNG WEST,CHING CHAN MING,,
M11,PING SHAN SOUTH,CHEUNG MUK LAM,New Territories Association of Societies,B
M12,PING SHAN CENTRAL,TANG HING IP,,
M13,PING SHAN NORTH,TANG TAT SIN,,
M13,PING SHAN NORTH,YOUNG KA ON,,
M14,HA TSUEN,TANG KA LEUNG,,
M14,HA TSUEN,CHENG KAM HO,,
M15,TIN SHING,CHAN SZE CHING,New People・s Party,B
M15,TIN SHING,LEUNG YIP PANG,,
M16,SHUI OI,KWOK KEUNG,Democratic Alliance for the Betterment and Progress of Hong Kong,B
M16,SHUI OI,CHAU TSZ KI,,
M17,SHUI WAH,CHOW WING KAN,Liberal Party,B
M17,SHUI WAH,KO CHUN KIT,DAB,B
M18,CHUNG WAH,WONG WAI LING,Democratic Alliance for the Betterment and Progress of Hong Kong,B
M18,CHUNG WAH,CHAN KA KUI,,
M19,YUET YAN,CHIU SAU HAN,,
M20,FU YAN,LAU KWAI YUNG,The Hong Kong Federation Trade Unions,B
M20,FU YAN,KEUNG KWOK WAI,Labour Party,D
M21,YAT CHAK,WONG YU CHOI,,
M21,YAT CHAK,KWOK HING PING,,
M21,YAT CHAK,WONG YUEN FAI,,
M22,TIN HENG,LUK CHUNG HUNG(MICHAEL),HKFTU,B
M22,TIN HENG,WONG PAK YU,Tin Shui Wai New Force,D
M22,TIN HENG,CHEUNG KWOK TUNG,,
M23,WANG YAT,YIU KWOK WAI,The Hong Kong Federation Trade Unions,B
M24,CHING KING,TANG CHEUK HIM,F.T.U.,B
M24,CHING KING,SO WING CHAU,,
M25,KINGSWOOD NORTH,LEE YUET MAN,,
M25,KINGSWOOD NORTH,HO WAI FONG POLLY,,
M26,TSZ YAU,CHAN MEI LIN,,
M26,TSZ YAU,CHING YUNG FAI,Democratic Alliance for the Betterment and Progress of Hong Kong,B
M27,YIU YAU,MA SHUK YIN,Democratic Alliance for the Betterment and Progress of Hong Kong,B
M27,YIU YAU,WONG PUI YIN AGATHA,,
M28,TIN YIU,LEUNG CHIN HANG(PLISKIN),,
M28,TIN YIU,LEUNG CHE CHEUNG,*Democratic Alliance for the Betterment and Progress of Hong Kong/NTAS,B
M29,KINGSWOOD SOUTH,NG YUK YING(KATY),The Democratic Party,D
M29,KINGSWOOD SOUTH,CHAM KA HUNG DANIEL,,
M30,CHUNG PAK,WONG CHEUK KIN,*New People's Party,B
M30,CHUNG PAK,MOK YIM HAY,,
M31,FAIRVIEW PARK,YAU TAI TAI,,
M31,FAIRVIEW PARK,LEUNG WAI KWAN,,
M31,FAIRVIEW PARK,TO KA LUN,,
M32,SAN TIN,MAN KWONG MING,,
M32,SAN TIN,MAN KWAI KI,,
M33,KAM TIN,TANG CHEUK YIN,,
M34,PAT HEUNG NORTH,TANG YUNG YIU RONNIE,,
M34,PAT HEUNG NORTH,TANG CHI KWONG,,
M35,PAT HEUNG SOUTH,LAI WAI HUNG,,
M35,PAT HEUNG SOUTH,LEUNG HO SUM,,
M35,PAT HEUNG SOUTH,CHU HOI DICK EDDIE,Land Justice League,D
N01,LUEN WO HUI,LAW SAI YAN,The Democratic Party,D
N01,LUEN WO HUI,LIU MING KIN(ANDY),Liberal Party,B
N01,LUEN WO HUI,TSANG HING LUNG,DAB,B
N02,FANLING TOWN,PANG CHUN SING GEORGE,Independent,
N02,FANLING TOWN,WONG CHUN NING,Third Side,
N03,CHEUNG WAH,CHAN YUK MING,The Democratic Party,D
N03,CHEUNG WAH,YUEN HOI WAI FEDER,Non-affiliated Candidate,
N03,CHEUNG WAH,YIP YIU SHING CHRIS,Independent,
N03,CHEUNG WAH,WONG KA HO,North of The Rings,D
N04,WAH DO,YIU MING,DAB/NTAS,B
N05,WAH MING,CHAN WAI TAT,Neo Democrats,D
N05,WAH MING,LAI SUM,DAB,B
N06,YAN SHING,LAU KWOK FAN,DAB,B
N07,SHING FUK,WAN WO TAT WARWICK,The Hong Kong Federation of Trade Unions,B
N08,FANLING SOUTH,HO SHU KWONG RAYMOND,*Independent Candidate,
N08,FANLING SOUTH,WONG SING CHI,Third Side,
N09,CHING HO,LARM WAI LEUNG,DAB,B
N10,YU TAI,TSANG KING CHUNG KENT,The Hong Kong Federation of Trade Unions,B
N10,YU TAI,HAU WING KONG ALVAN,Liberal Party,B
N10,YU TAI,SHEK FONG YAU,,
N11,SHEUNG SHUI RURAL,HAU FUK TAT SIMON,Independent Candidate,
N11,SHEUNG SHUI RURAL,HAU KAM LAM,DAB,B
N12,CHOI YUEN,SO SAI CHI,DAB,B
N12,CHOI YUEN,LEUNG KAM SHING CLARENCE RONALD,North District Parallel Imports Concern Group,D
N13,SHEK WU HUI,LAM CHEUK TING,The Democratic Party,D
N13,SHEK WU HUI,LAU HON KIN,,
N13,SHEK WU HUI,WONG YUN KEUNG SIMON,DAB,B
N14,TIN PING WEST,WONG WANG TO,The Hong Kong Federation of Trade Unions,B
N14,TIN PING WEST,POON TAK WING,The Democratic Party,D
N14,TIN PING WEST,LEE CHING HEI,Civic Passion,
N15,FUNG TSUI,LIU KWOK WAH,,
N15,FUNG TSUI,LIU HING HUNG,DAB,B
N15,FUNG TSUI,YU MAN KWONG,,
N16,SHA TA,CHU OI PING,,
N16,SHA TA,WAN WO FAI,DAB,B
N16,SHA TA,TSANG YUK ON,,
N16,SHA TA,CHEUNG KWAI CHOI,,
N17,TIN PING EAST,LAU KI FUNG,The Democratic Party,D
N17,TIN PING EAST,OR SIN YI WINDY,DAB,B
N17,TIN PING EAST,YU CHI SHING PAUL,Independent Candidate,
N18,QUEEN'S HILL,TANG KUN NIN TONY,DAB,B
P01,TAI PO HUI,LI KWOK YING,DAB,B
P01,TAI PO HUI,CHOY WING MUI MOLLY,,
P02,TAI PO CENTRAL,AU CHUN WAH,The Democratic Party,D
P02,TAI PO CENTRAL,MUI SIU FUNG,DAB,B
P02,TAI PO CENTRAL,MAN WAI KEUNG,Independent,
P03,CHUNG TING,LUI NOK,The Democratic Party,D
P03,CHUNG TING,TAM WING FUN ERIC,DAB,B
P04,TAI YUEN,AU CHUN HO,The Democratic Party,D
P04,TAI YUEN,CHENG CHUN PING,DAB,B
P05,FU HENG,WONG CHAU PAK,DAB,B
P05,FU HENG,YAM MAN CHUEN,,
P06,YEE FU,YAM KAI BONG,Neo Democrats,D
P06,YEE FU,CHEUNG FUNG YIN,DAB,B
P07,FU MING SUN,CHAN YUNG WA,*FTU,B
P07,FU MING SUN,KWAN WING YIP,Neo-Democrats,D
P08,KWONG FUK & PLOVER COVE,WONG PIK KIU,Democratic Alliance for the Betterment and Progress of Hong Kong,B
P08,KWONG FUK & PLOVER COVE,KWOK SHU YAN,,
P08,KWONG FUK & PLOVER COVE,CHOW BENJAMIN,,
P09,WANG FUK,MAN NIM CHI,The Democratic Party,D
P09,WANG FUK,WOO KIN MAN CLEMENT,Democratic Alliance for the Betterment and Progress of Hong Kong,B
P10,TAI PO KAU,CHAN SIU KUEN,,
P11,WAN TAU TONG,YU CHI WING(KEN),*Independent Candidates,
P11,WAN TAU TONG,CHENG WAI,,
P12,SAN FU,WU KAM FAI,,
P12,SAN FU,KWOK WING KIN,Labour Party,D
P12,SAN FU,LO HIU FUNG,*Non-affiliated Candidate,
P13,LAM TSUEN VALLEY,CHAN CHO LEUNG,Business and Professionals Alliance for Hong Kong,B
P13,LAM TSUEN VALLEY,LAM CHUN CHEUNG,,
P13,LAM TSUEN VALLEY,WAN YUK WING,Independent Candidate,
P14,PO NGA,CHOW YUEN WAI,Neo Democrats,D
P14,PO NGA,WONG YUNG KAN,DAB,B
P15,TAI WO,CHENG CHUN WO,,
P16,OLD MARKET & SERENITY,LAU YUNG WAI,Independent Candidate,
P16,OLD MARKET & SERENITY,CHEUNG KWOK WAI,DAB,B
P17,HONG LOK YUEN,TANG MING TAI PATRICK,,
P17,HONG LOK YUEN,MAN CHEN FAI,BPA Services Company Limited,B
P18,SHUEN WAN,LAU CHEE SING(DR.),*Independent Candidate,
P19,SAI KUNG NORTH,LEE KWAI YAU VICTOR,,
P19,SAI KUNG NORTH,LI WAH KWONG REX,BPA,B
Q01,SAI KUNG CENTRAL,NG SZE FUK,DAB,B
Q01,SAI KUNG CENTRAL,CHEUNG SZE KIT ALAN,Independent Candidate,
Q02,PAK SHA WAN,HIEW MOO SIEW,DAB,B
Q02,PAK SHA WAN,PO WAI MING,Independent Candidate,
Q03,SAI KUNG ISLANDS,LI KA LEUNG PHILIP,DAB,B
Q04,HANG HAU EAST,LAU WAI CHEUNG PETER(*),,
Q04,HANG HAU EAST,LAU MAN CHOI NEWMAN,Independent,
Q05,HANG HAU WEST,YAU YUK LUN,DAB,B
Q05,HANG HAU WEST,LUK SAU CHING,Independent Candidate,
Q06,PO YEE,NG SHUET SHAN,,
Q06,PO YEE,TSE CHING FUNG,Democratic Party,D
Q06,PO YEE,CHAN YIN CHU,,
Q07,WAI KING,WONG SHING KWONG(JACK),,
Q07,WAI KING,CHAN KAI WAI,Independent Candidate,
Q08,DO SHIN,MOK RUBY,Independent,
Q08,DO SHIN,SHUEN PAK MAN ANDREW,Independent Candidate,
Q08,DO SHIN,CHEUNG CHIN PANG,*Independent,
Q08,DO SHIN,SO HO,People Power/The Frontier,D
Q09,KIN MING,CHAU KA LOK,*DAB,B
Q09,KIN MING,LEUNG LI,Neo Democrats,D
Q10,CHOI KIN,NG JACOB,*DAB,B
Q10,CHOI KIN,HO MAN KIT RAYMOND,Independent Candidate,
Q11,O TONG,KO WING LUEN,,
Q11,O TONG,LUI MAN KWONG,Neo Democrats,D
Q11,O TONG,AU YEUNG HO KWAN,Independent Candidate,
Q12,FU KWAN,SHEK YUEN HON,,
Q12,FU KWAN,LUK PING CHOI,,
Q12,FU KWAN,LUI KIM HO(KIM),*Independent Non-affiliated,
Q13,KWAN PO,WONG TIN YAU,*Independent Candidate,
Q13,KWAN PO,LAI MING CHAK,Neo Democrats,D
Q13,KWAN PO,LEE SUN ANTONY,,
Q13,KWAN PO,CHAN CHIN CHUN(CYRUS),Independent Democrat,
Q13,KWAN PO,LEE KWOK PUI,,
Q14,NAM ON,YU KAI CHUN,,
Q14,NAM ON,CHAU YIN MING FRANCIS,Independent Candidate,
Q15,HONG KING,CHAN KIN CHUN KEN,New People's Party/ Civil Force,B
Q15,HONG KING,LAM SIU CHUNG FRANKIE,The Democratic Party,D
Q16,TSUI LAM,TAM LANNY,New People's Party/ Civil Force,B
Q16,TSUI LAM,CHAN YUEN PAN,,
Q17,PO LAM,AU NING FAT ALFRED,,
Q17,PO LAM,CHEUNG CHI TUNG,,
Q17,PO LAM,WONG LOK YIN(ROCKY),Liberal Party,B
Q18,YAN YING,CHUNG KAM LUN(BEN),Neo Democrats,D
Q18,YAN YING,CHEUNG SZE NGAO EDDIE,New People's Party/ Civil Force,B
Q18,YAN YING,YEUNG HO CHUEN(HARRIS),Liberal Party,B
Q18,YAN YING,LIU TSZ CHUNG MICHAEL,New People's Party/ Civil Force,B
Q19,WAN HANG,SUN WAI KEI,,
Q19,WAN HANG,FAN GARY KWOK WAI,Neo Democrats,D
Q19,WAN HANG,LAI TZE WAH,Independent,
Q20,KING LAM,WAN KAI MING,DAB,B
Q20,KING LAM,LAM WING YIN,Democratic Party,D
Q21,HAU TAK,LING MAN HOI,DAB,B
Q21,HAU TAK,TSANG HO MAN,The Democratic Party,D
Q22,FU NAM,CHAN POK CHI,DAB,B
Q22,FU NAM,CHAN YIU MING,Independent Democrat,
Q23,TAK MING,WAN YUET CHEUNG,New People's Party/ Civil Force,B
Q24,SHEUNG TAK,CHOI KIN CHING(CHOI CHUN HIU),,
Q24,SHEUNG TAK,KAN SIU KEI,,
Q24,SHEUNG TAK,WONG FAI,People Power/The Frontier,D
Q25,KWONG MING,CHONG YUEN TUNG,DAB,B
Q25,KWONG MING,SHI HAU KIT SIMON(*),,
Q25,KWONG MING,CHOI MING HEI,*Independent Democrat,
Q26,WAN PO NORTH,CHUI TING PONG,Liberal Party,B
Q26,WAN PO NORTH,FONG KWOK SHAN CHRISTINE,Independent Candidate,
Q27,WAN PO SOUTH,WU CHEUK HIM,DAB,B
Q27,WAN PO SOUTH,CHEUNG MEI HUNG,Independent Candidate,
R01,SHA TIN TOWN CENTRE,WONG CHI YUNG(ALF WONG),DAB,B
R01,SHA TIN TOWN CENTRE,WAI HING CHEUNG,Democratic Coalition for DC Election,D
R02,LEK YUEN,WONG HO MING,League of Social Democrats,D
R02,LEK YUEN,WONG YUE HON,Civil Force/New People・s Party,B
R03,WO CHE ESTATE,LEE TAK WAH,,
R03,WO CHE ESTATE,YUE SHIN MAN ANNA(ANNA),DAB,B
R03,WO CHE ESTATE,LEE WAI FUNG(DECO),People Power,D
R04,CITY ONE,WONG KA WING,New People・s Party,B
R05,YUE SHING,LEUNG KA FAI,New People's Party/ Civil Force,B
R06,WONG UK,LAI TSZ YAN,Independent,
R06,WONG UK,LEUNG CHI WAI,Liberal Party,B
R07,SHA KOK,CHAN BILLY SHIU YEUNG,Neo Democrats,D
R07,SHA KOK,YEUNG SIN HUNG,New People's Party/ Civil Force,B
R08,POK HONG,CHIU CHU PONG,Neo Democrats,D
R08,POK HONG,CHAN KWOK TIM,Civil Force/ New People・s Party,B
R09,JAT MIN,YIP KA MING MICHAEL,New People・s Party/ Civil Force,B
R09,JAT MIN,YAU MAN CHUN,Neo Democrats,D
R09,JAT MIN,CHAU PING HIM,BPA,B
R10,CHUN FUNG,LEUNG KA WAI,New People・s Party/ Civil Force,B
R10,CHUN FUNG,CHAN NOK HANG,The Democratic Party,D
R11,SUN TIN WAI,LI LOK YAN,FTU,B
R11,SUN TIN WAI,CHING CHEUNG YING,Democratic Party,D
R12,CHUI TIN,HUI YUI YU,Neo Democrats,D
R12,CHUI TIN,WONG CHAK PIU PHILIP,Civil Force/New People・s Party,B
R13,HIN KA,LAM CHUNG YAN,Civil Force/New People・s Party,B
R13,HIN KA,MOK WAI HUNG,The Democratic Party,D
R14,LOWER SHING MUN,TONG HOK LEUNG,,
R14,LOWER SHING MUN,LEE YUEN KAM,,
R14,LOWER SHING MUN,CHONG YIU KAN SHERMAN,,
R15,WAN SHING,HO HAU CHEUNG,New People・s Party/ Civil Force,B
R15,WAN SHING,WONG LEUNG HI,Independent Democrats,
R15,WAN SHING,CHEUNG TAK WING,,
R16,KENG HAU,HO KWOK WAH GEORGE,Civil Force/New People・s Party,B
R16,KENG HAU,NG KAM HUNG,The Democratic Party,D
R16,KENG HAU,YEUNG WAI YIP,,
R17,TIN SUM,PUN KWOK SHAN,New People・s Party/ Civil Force,B
R18,CHUI KA,WAI TAK LUN,New People・s Party/Civil Force,B
R18,CHUI KA,LI SAI HUNG,Neo Democrats,D
R18,CHUI KA,LEE KAM MING,,
R19,TAI WAI,TUNG KIN LEI,DAB,B
R19,TAI WAI,LEUNG CHUN HIN,Shatin Community Network,D
R20,CHUNG TIN,TANG WING CHEONG,Civil Force/New People・s Party,B
R20,CHUNG TIN,LO YUET CHAU,,
R20,CHUNG TIN,WONG HOK LAI,Shatin Community Network,D
R21,SUI WO,PANG CHEUNG WAI THOMAS,DAB,B
R21,SUI WO,YAU CHI KIN,Civic Party,D
R21,SUI WO,LI SUI HA(LISA),,
R22,FO TAN,PONG SCARLETT OI LAN,,
R22,FO TAN,CHAN MAN FAI,Civic Party,D
R23,CHUN MA,HO WAI LOK(RONALD),Liberal Party,B
R23,CHUN MA,SIU HIN HONG,,
R23,CHUN MA,CHENG WING CHUNG(PC),,
R24,CHUNG ON,YIP WING,Labour Party,D
R24,CHUNG ON,QUAT ELIZABETH(EQ),DAB,B
R25,KAM TO,YEUNG MAN YUI(GARY),DAB,B
R25,KAM TO,CHAN KWOK KEUNG(JAMES),,
R26,MA ON SHAN TOWN CENTRE,LEE CHI WING ALVIN,,
R26,MA ON SHAN TOWN CENTRE,MAN CHI WAI,Independent Democrats,
R27,LEE ON,KONG CHEUK WAI,,
R27,LEE ON,LO TAI SUEN ADA,DAB,B
R27,LEE ON,MAK YUN PUI(CHRIS MAK),Power for Democracy,D
R28,FU LUNG,LAW KWONG KEUNG(KK),Civil Force / New People's Party,B
R28,FU LUNG,TSANG SO LAI,The Democratic Party,D
R29,WU KAI SHA,SIO CHAN IN DEVIN,DAB,B
R29,WU KAI SHA,LI WING SHING,Democratic Party,D
R30,KAM YING,LI PO MUI,,
R30,KAM YING,TING TSZ YUEN,The Democratic Party,D
R30,KAM YING,LAW SIU CHUN,,
R30,KAM YING,TONG PO CHUN,,
R31,YIU ON,LI SAI WING,DAB/NTAS,B
R31,YIU ON,CHEUNG PIK HA,,
R32,HENG ON,LAM TAK WAI,Hong Kong Federation of Trade Unions,B
R32,HENG ON,CHENG TSUK MAN,The Democratic Party,D
R33,ON TAI,WONG KA SING,,
R33,ON TAI,CHIU MAN LEONG,DAB,B
R33,ON TAI,YAU YUET WAH DONNA,Democratic Party,D
R34,TAI SHUI HANG,CHEUNG CHI YIN,DAB,B
R34,TAI SHUI HANG,YUNG MING CHAU MICHAEL,,
R35,YU YAN,YIU KA CHUN,New People・s Party/ Civil Force,B
R36,BIK WOO,OWEN OI MING EMILY,,
R36,BIK WOO,LAU WAI LUN,,
R36,BIK WOO,WONG PING FAN,DAB,B
R37,KWONG HONG,WONG FU SANG,DAB,B
R37,KWONG HONG,NG WAI LING,Labour Party,D
R37,KWONG HONG,CHOI CHUN CHIU PAUL,Independent Person,
R38,KWONG YUEN,CHAN MAN KUEN,New People・s Party/ Civil Force,B
R38,KWONG YUEN,SUNG TSZ MING,Labour Party,D
S01,KWAI HING,LEUNG CHI HO,F.T.U.,B
S01,KWAI HING,LEUNG CHI SHING,The Neighbourhood and Workers・ Service Centre,D
S02,KWAI SHING EAST ESTATE,MO SANG TUNG,DAB,B
S02,KWAI SHING EAST ESTATE,LEUNG KWONG CHEONG,Independent,
S02,KWAI SHING EAST ESTATE,CHOW WAI HUNG RAYMAN,Neighbourhood and Workers・ Service Centre,D
S02,KWAI SHING EAST ESTATE,CHAN YUK LING,,
S03,UPPER TAI WO HAU,HUI KEI CHEUNG,Democratic Party,D
S03,UPPER TAI WO HAU,LAU CHIN PANG,FTU,B
S04,LOWER TAI WO HAU,WONG BING KUEN,The Democratic Party,D
S04,LOWER TAI WO HAU,CHEUNG WAI MAN,FTU,B
S05,KWAI CHUNG ESTATE NORTH,LEUNG KONG MING,DAB,B
S05,KWAI CHUNG ESTATE NORTH,LEUNG KAM WAI,Neighbourhood and Workers・ Service Centre,D
S06,KWAI CHUNG ESTATE SOUTH,LEE WANG FUNG,DAB,B
S06,KWAI CHUNG ESTATE SOUTH,WONG YUN TAT,Neighbourhood and Workers・ Service Centre,D
S07,SHEK YAM,LI SAI LUNG,DAB,B
S07,SHEK YAM,WAN SIU KIN ANDREW,The Democratic Party,D
S08,ON YAM,LEUNG TSZ WING DENNIS,The Hong Kong Federation of Trade Unions (FTU),B
S08,ON YAM,LEUNG WING KUEN,The Democratic Party,D
S09,SHEK LEI SOUTH,NG KA CHIU,New People's Party,B
S09,SHEK LEI SOUTH,LEUNG KWOK WAH,The Democratic Party,D
S10,SHEK LEI NORTH,CHEUNG IP MEI,DAB,B
S10,SHEK LEI NORTH,LAM SIU FAI,The Democratic Party,D
S11,TAI PAK TIN,KWOK FU YUNG,DAB,B
S11,TAI PAK TIN,TSUI SANG HUNG SAMMY,The Democratic Party,D
S12,KWAI FONG,CHAN MAN LUEN YING,HKFLU,
S12,KWAI FONG,LEUNG YIU CHUNG,Neighbourhood & Worker・s Service Centre,D
S13,WAH LAI,WONG YIU CHUNG,BPA,B
S13,WAH LAI,TAI PUI SHAN CHRISTABEL DONNA,,
S13,WAH LAI,YUEN KWOK KI,Independent Candidate,
S14,LAI WAH,CHU LAI LING,DAB,B
S15,CHO YIU,PAU MING HONG,DAB,B
S15,CHO YIU,LO WAI LAN,*BPA,B
S15,CHO YIU,CHAN TAK CHEUNG,League of Social Democrats,D
S16,HING FONG,NG KIM SING,The Democratic Party,D
S16,HING FONG,LEUNG KAR MING,DAB,B
S17,LAI KING,CHOW YICK HAY,Independent Candidate,
S18,KWAI SHING WEST ESTATE,LAU MEI LO,The Hong Kong Federation of Trade Unions,B
S18,KWAI SHING WEST ESTATE,LEUNG CHING SHAN,Neighbourhood & Worker・s Service Centre,D
S19,ON HO,TAM WAI CHUN,BPA,B
S19,ON HO,LAU SIU HANG,The Democratic Party,D
S20,WAI YING,MAK MEI KUEN ALICE,HKFTU,B
S21,TSING YI ESTATE,CHENG HIU LING(ELAINE),,
S21,TSING YI ESTATE,CHAN SIU MAN SIMON,Independent Candidate,
S21,TSING YI ESTATE,YU LAP ON,*Non-affiliated Candidate,
S21,TSING YI ESTATE,CHIU CHIT UE(UNY),Independent,
S22,GREENFIELD,CHEUNG WAI CHING CLARICE,,
S22,GREENFIELD,POON SIU PING NANCY,,
S23,CHEUNG CHING,LEE CHI KEUNG ALAN,*BPA,B
S23,CHEUNG CHING,WONG KWONG MO,Democratic Party,D
S24,CHEUNG HONG,TSUI HIU KIT,New People's Party,B
S25,SHING HONG,LEUNG WAI MAN,DAB,B
S25,SHING HONG,FU MOON FONG FERDINAND,,
S26,TSING YI SOUTH,POON CHI SHING,DAB,B
S26,TSING YI SOUTH,IP YAM SHEK JOHNATHAN,Young Spiration,D
S27,CHEUNG HANG,LAM LAP CHI,The Democratic Party,D
S27,CHEUNG HANG,HA LUNG WAN,,
S27,CHEUNG HANG,LO YUEN TING,DAB,B
S27,CHEUNG HANG,LUI KO WAI,Independent,
S28,CHING FAT,LEE HON SAM,Ching Fat Living Concern,D
S28,CHING FAT,LAM CHUI LING NANCY,Independent,
S28,CHING FAT,LAU CHI KIT,The Democratic Party,D
S28,CHING FAT,WONG KIN LONG,,
S29,CHEUNG ON,LAW KING SHING,DAB,B
S29,CHEUNG ON,HO CHI WAI,The Democratic Party,D
S29,CHEUNG ON,WONG CHUN KIT,Youngspiration,D
T01,LANTAU,YU HON KWAN(RANDY),,
T01,LANTAU,YUEN YUK WAH,,
T01,LANTAU,LAU KING CHEUNG,,
T01,LANTAU,TAM SAU NGOR,,
T02,YAT TUNG ESTATE NORTH,TANG KA PIU,F.T.U,B
T02,YAT TUNG ESTATE NORTH,LEUNG HON WAI(JIMMY),,
T03,YAT TUNG ESTATE SOUTH,LO KWONG SHING ANDY,DAB,B
T03,YAT TUNG ESTATE SOUTH,KWOK PING,Democratic Party,D
T04,TUNG CHUNG NORTH,YU CHUN CHEUNG PETER,Civic Party,D
T04,TUNG CHUNG NORTH,FU HIU LAM SAMMI,New People's Party,B
T05,TUNG CHUNG SOUTH,CHOW HO DING HOLDEN,DAB,B
T05,TUNG CHUNG SOUTH,WONG CHUN YEUNG,,
T06,DISCOVERY BAY,CHIU TAK WAI(FRANCIS),,
T06,DISCOVERY BAY,YUNG WING SHEUNG AMY(AMY YUNG),Civic Party,D
T06,DISCOVERY BAY,HU ZILIANG(JIMMY),,
T07,PENG CHAU & HEI LING CHAU,TSANG SAU HO JOSEPHINE,,
T08,LAMMA & PO TOI,YU LAI FAN,DAB,B
T08,LAMMA & PO TOI,GOHEL RAJEN INDULAL,,
T08,LAMMA & PO TOI,CHENG CHI WAH,,
T09,CHEUNG CHAU SOUTH,KWONG KOON WAN,BPA,B
T09,CHEUNG CHAU SOUTH,LEUNG KWOK HO,,
T09,CHEUNG CHAU SOUTH,LAM KIT SING,,
T10,CHEUNG CHAU NORTH,LEE KWAI CHUN,DAB,B
T10,CHEUNG CHAU NORTH,KWONG WAI KUEN,,
